target_id,run_id,step,progress,layer,selected_beta,match_class,target_kl,target_nll_damage,achieved_kl,achieved_nll_damage,relative_kl_error,relative_nll_error
r2_s14000_l1,2,14000,0.0979020979020979,1,0.610086654353,A,0.5876143508487278,0.6313015884823269,0.581660372239572,0.6384883898275868,0.010132459495834259,0.011384101476009134
r2_s14000_l2,2,14000,0.0979020979020979,2,0.667777390647,A,0.6941122081544665,0.7525731987423366,0.6960172145454971,0.7499408986833362,0.0027445222381162295,0.003497732929362705
r2_s14000_l3,2,14000,0.0979020979020979,3,0.569293543783,A,0.7652236223220825,0.7743501398298474,0.7465438776546054,0.7919619966436313,0.024410831190454826,0.02274404808350804
r2_s14000_l4,2,14000,0.0979020979020979,4,0.367257583746,A,0.262666051586469,0.29923613866170246,0.2731158170435164,0.2861531222308127,0.03978346418919531,0.0437213783380519
r2_s14000_l5,2,14000,0.0979020979020979,5,0.4390636269,B,0.3018526766035292,0.3676611582438154,0.32443282228929027,0.33810056580437564,0.07480518622448501,0.08040172799476462
r2_s14000_l6,2,14000,0.0979020979020979,6,0.327424162539,A,0.1849737829632229,0.2089083989461266,0.1863985530756138,0.20728291405571841,0.007702551624121074,0.007780849877747492
r2_s14000_l7,2,14000,0.0979020979020979,7,0.37826727059,B,0.25317857828405166,0.23603468471103253,0.23247707442001062,0.251970988732797,0.08176641169354144,0.06751678907363594
r2_s14000_l8,2,14000,0.0979020979020979,8,0.419103648728,C,0.24400135709179774,0.33424403932359475,0.26963571045133805,0.2888129640508579,0.10505824092523856,0.1359218712307906
r2_s14000_l9,2,14000,0.0979020979020979,9,0.370729772479,A,0.21019462082121107,0.2148643864525687,0.2105704617721063,0.21479182773166272,0.0017880616993197814,0.00033769542781653014
r2_s14000_l10,2,14000,0.0979020979020979,10,0.467887361263,A,0.2904930694235696,0.32094449467129166,0.2992866337299347,0.3105879624684649,0.030271167307998177,0.032268919937080025
r2_s72000_l1,2,72000,0.5034965034965035,1,0.708203932499,A,0.9493300782309637,0.9494883219401044,0.9299386673503451,0.9681474897596574,0.020426415769669092,0.01965181391742322
r2_s72000_l2,2,72000,0.5034965034965035,2,0.699480193099,A,0.92882463004854,0.9390635490417482,0.9133733996638546,0.954148363184046,0.01663525049272361,0.016063677647455032
r2_s72000_l3,2,72000,0.5034965034965035,3,0.44408862564,A,0.8842032485538058,0.8943626085917153,0.8714970482720269,0.9076645462601269,0.014370225740005706,0.014873092346002998
r2_s72000_l4,2,72000,0.5034965034965035,4,0.271469520611,B,0.3037220537662506,0.3406482802497017,0.3199379002606427,0.32341977402015987,0.05339041499705749,0.050575644230061605
r2_s72000_l5,2,72000,0.5034965034965035,5,0.344645089413,B,0.3947205775313907,0.46446243921915703,0.4251525004704793,0.426606663951167,0.07709738146750494,0.08150449222880275
r2_s72000_l6,2,72000,0.5034965034965035,6,0.273982019981,B,0.2554864916536543,0.2966276009877524,0.2708719908087342,0.2781399179387978,0.060220401694962324,0.0623262399969842
r2_s72000_l7,2,72000,0.5034965034965035,7,0.341906038116,A,0.3825724124908447,0.3660224808586971,0.37324639271806787,0.37392588014955885,0.02437713611400473,0.021592660845035007
r2_s72000_l8,2,72000,0.5034965034965035,8,0.378860391235,C,0.371453324953715,0.5048611164093016,0.42104449095549407,0.4244692590501571,0.1335057803233417,0.15923558924631054
r2_s72000_l9,2,72000,0.5034965034965035,9,0.37324227185,A,0.3535401688681708,0.3771826161278618,0.3652026851971944,0.3642142790335199,0.03298781116252555,0.03438211767933488
r2_s72000_l10,2,72000,0.5034965034965035,10,0.52014326253,A,0.5688886642456055,0.5656325022379556,0.5649002812526844,0.5702363473397711,0.007010832248174533,0.008139286698681653
r2_s143000_l1,2,143000,1.0,1,0.734741719419,A,1.0257128013504875,1.0317671828799777,1.0211671127213373,1.0359454066665088,0.004431736274677212,0.004049580036907502
r2_s143000_l2,2,143000,1.0,2,0.75,A,1.2016478247112696,1.209634330537584,1.1993317957277652,1.2143381524969032,0.0019273775026880566,0.0038886313330945407
r2_s143000_l3,2,143000,1.0,3,0.48739423558,A,1.250755018658108,1.227257172266642,1.2221425771713257,1.2518015702565513,0.02287613566200738,0.019999392584162032
r2_s143000_l4,2,143000,1.0,4,0.28795731005,A,0.39459201362397933,0.4097302754720051,0.41021959318055046,0.394512874108774,0.03960439901711643,0.03714004620640651
r2_s143000_l5,2,143000,1.0,5,0.388543819998,B,0.5600684947437711,0.6294175518883601,0.5984308057361178,0.5885359887723571,0.06849574891697643,0.06495141896390778
r2_s143000_l6,2,143000,1.0,6,0.324685111242,A,0.3667832811673482,0.39757010671827525,0.38420902137403135,0.3784873485565181,0.047509636074946876,0.047998473323930015
r2_s143000_l7,2,143000,1.0,7,0.452812365041,B,0.6537510553995768,0.5878107017940946,0.6151876780721877,0.6105055014292398,0.058987862442164564,0.03860902764416903
r2_s143000_l8,2,143000,1.0,8,0.387217561918,C,0.39108974072668284,0.48765325546264665,0.4311499430073632,0.4301163885328507,0.10243225047566364,0.11798725074662228
r2_s143000_l9,2,143000,1.0,9,0.365704773739,A,0.36895714203516644,0.36736673778957796,0.3684534551920714,0.3676390471281832,0.0013651635534559414,0.0007412465816664625
r2_s143000_l10,2,143000,1.0,10,0.73488173621,A,1.0224928392304313,1.0224942366282146,1.0204156107372708,1.0242124221943043,0.0020315335359432658,0.0016803865533305462
r3_s14000_l1,3,14000,0.0979020979020979,1,0.649370222483,A,0.6331983407338461,0.718385034137302,0.6385221547550626,0.7120556389843973,0.008407814232485293,0.00881058882371739
r3_s14000_l2,3,14000,0.0979020979020979,2,0.592865727479,A,0.5016940666569604,0.5203430122799345,0.47830030101316945,0.5420866454089133,0.046629544175454785,0.04178711468357207
r3_s14000_l3,3,14000,0.0979020979020979,3,0.723505480648,A,1.1653783188925848,1.2564765877193873,1.1594278944863214,1.2626827822791205,0.0051060023254188595,0.0049393634711435265
r3_s14000_l4,3,14000,0.0979020979020979,4,0.46204268995,A,0.4211405383216011,0.4601081477271185,0.4182443409054368,0.46335261839407504,0.006877033086626717,0.007051539258708646
r3_s14000_l5,3,14000,0.0979020979020979,5,0.390096630006,A,0.2574349194765091,0.30399261580573206,0.26542968220180935,0.294494143238774,0.031055471190646767,0.031245734511514817
r3_s14000_l6,3,14000,0.0979020979020979,6,0.449480193099,C,0.2951902614699469,0.40075892872280566,0.32275236756713305,0.3524543091102883,0.09337064833996507,0.1205328594083748
r3_s14000_l7,3,14000,0.0979020979020979,7,0.388543819998,C,0.19824758337603673,0.2768083678351507,0.2236615789157373,0.2335686595351607,0.12819321732344652,0.15620809673493904
r3_s14000_l8,3,14000,0.0979020979020979,8,0.355654776257,A,0.19522787464989555,0.2021975252363418,0.1921509680924592,0.2049733621102794,0.01576059035083197,0.01372834247441596
r3_s14000_l9,3,14000,0.0979020979020979,9,0.371322893124,A,0.20994527803526983,0.2110987769232855,0.20631046813947182,0.21501867859451895,0.01731313002033827,0.018569040182735908
r3_s14000_l10,3,14000,0.0979020979020979,10,0.443722056922,A,0.2584894531302982,0.29543153444925974,0.266088264407935,0.28648774712174063,0.02939698771298423,0.030273637999280414
r3_s72000_l1,3,72000,0.5034965034965035,1,0.657500841239,A,0.8216641214158799,0.8519875208536782,0.8235558801227145,0.8505623428909868,0.002302350385669163,0.0016727685885138351
r3_s72000_l2,3,72000,0.5034965034965035,2,0.68417864495,A,0.8010647826724583,0.798615190717909,0.7897802657551236,0.8069694660328048,0.01408689679213452,0.010460952173192926
r3_s72000_l3,3,72000,0.5034965034965035,3,0.674128647469,A,1.7865699529647827,1.7594680786132812,1.7544737877669159,1.7884020452146174,0.017965244039051385,0.01644472380773395
r3_s72000_l4,3,72000,0.5034965034965035,4,0.324685111242,A,0.42071168290244204,0.43734224637349434,0.430899691802484,0.4262613278848155,0.024216130224223455,0.025336949678513954
r3_s72000_l5,3,72000,0.5034965034965035,5,0.269183573168,A,0.2777864734331767,0.2731298870510523,0.2754284899543833,0.27549173213817424,0.008488474797359568,0.008647333005603434
r3_s72000_l6,3,72000,0.5034965034965035,6,0.349443536227,A,0.39168943630324465,0.43180523978339275,0.4058621923128764,0.415422651502821,0.036183656478861646,0.03793976258544675
r3_s72000_l7,3,72000,0.5034965034965035,7,0.310569804383,C,0.2644923726717631,0.3155109087626138,0.2846302666046001,0.283083341739796,0.07613790042162057,0.1027779582959304
r3_s72000_l8,3,72000,0.5034965034965035,8,0.391466155654,A,0.3690718511740367,0.4042413499620223,0.38449109704406176,0.38737530178493884,0.04177843913301402,0.04172271881297223
r3_s72000_l9,3,72000,0.5034965034965035,9,0.368810393754,A,0.319050669670105,0.34410704506768114,0.3310327342262975,0.33017508188883404,0.03755536563688855,0.04048729422574415
r3_s72000_l10,3,72000,0.5034965034965035,10,0.492052665603,A,0.4807328250673082,0.5195619265238443,0.49678932737421105,0.5021944752445924,0.03340005397929997,0.03342710539899695
r3_s143000_l1,3,143000,1.0,1,0.692902384351,A,0.8428021934297351,0.8603199587927923,0.8334698036864951,0.8679037535632097,0.011073048712950324,0.00881508640233129
r3_s143000_l2,3,143000,1.0,2,0.754475145664,A,0.9341029723485311,0.9460280471377903,0.920106417602963,0.9573600822024875,0.014983952690315175,0.011978540275809232
r3_s143000_l3,3,143000,1.0,3,0.681526128789,A,1.7876547045177882,1.8058287567562525,1.7530632504710444,1.8374121895542852,0.01935018768406695,0.017489716386368436
r3_s143000_l4,3,143000,1.0,4,0.381006321887,A,0.5821225576930575,0.6313434176974825,0.5995735746842844,0.6140430150208656,0.02997825244971607,0.0274025232411297
r3_s143000_l5,3,143000,1.0,5,0.391832724372,A,0.519927226834827,0.5389819410112168,0.5269865791002909,0.5339431939301673,0.01357757759374471,0.009348638048218475
r3_s143000_l6,3,143000,1.0,6,0.439430195617,B,0.5446524057123395,0.6484564410315619,0.5798634312770985,0.6001770672974769,0.06464861844985804,0.0744527630216887
r3_s143000_l7,3,143000,1.0,7,0.34368540005,B,0.32963044113583034,0.3853916856977673,0.3470906239968759,0.35529554331744206,0.05296896366982623,0.07809234993162043
r3_s143000_l8,3,143000,1.0,8,0.430339887499,A,0.4659952885574765,0.48299596044752313,0.4732493382913095,0.47077649611013905,0.015566787716401317,0.025299309596785766
r3_s143000_l9,3,143000,1.0,9,0.391649440013,B,0.3501909176508586,0.4008762836456299,0.3709440959824456,0.37275726706893364,0.059262468800572204,0.0701438766117753
r3_s143000_l10,3,143000,1.0,10,0.78055982873,A,0.9711381859249539,1.0564743412865532,1.0073547164599101,1.0224278502994113,0.03729287042752287,0.03222651952497824
r5_s14000_l1,5,14000,0.0979020979020979,1,0.631372890605,A,0.6387513412369622,0.622386932373047,0.637866806100916,0.622766229841444,0.0013847879118843562,0.000609423894795225
r5_s14000_l2,5,14000,0.0979020979020979,2,0.602549156242,A,0.5554652412732443,0.5288314819335939,0.5433142968901882,0.5390104717678499,0.0218752560559535,0.019248078418135795
r5_s14000_l3,5,14000,0.0979020979020979,3,0.543941998153,A,0.4578365882237752,0.45117823282877617,0.4524185028341081,0.456472149601689,0.01183410310363199,0.01173353763037186
r5_s14000_l4,5,14000,0.0979020979020979,4,0.482595788767,A,0.6056164900461832,0.5590471161736382,0.5859072638882531,0.5757453000103983,0.03254407117678484,0.02986900988063367
r5_s14000_l5,5,14000,0.0979020979020979,5,0.341539469398,B,0.2621959182951185,0.3067978488074406,0.28210615228723596,0.2820330019350408,0.07593647575257541,0.08072040585872094
r5_s14000_l6,5,14000,0.0979020979020979,6,0.359720085635,C,0.24174278808964625,0.29391352335611964,0.2642236909380666,0.2599025037553577,0.09299513348870068,0.11571777716208324
r5_s14000_l7,5,14000,0.0979020979020979,7,0.434405196877,C,0.2942386203342014,0.4118157492743599,0.34265227891780714,0.3153805909333407,0.1645387628872516,0.23417064187250883
r5_s14000_l8,5,14000,0.0979020979020979,8,0.408687082529,A,0.28133611877759296,0.2636863125695119,0.2790945569674174,0.2653562051278575,0.007967557880257865,0.006332875385403462
r5_s14000_l9,5,14000,0.0979020979020979,9,0.41622458064,C,0.23736354874240026,0.2960845894283719,0.27087435015925654,0.24145431871767364,0.14117922315478537,0.18450899729696935
r5_s14000_l10,5,14000,0.0979020979020979,10,0.396264602468,B,0.25726069344414604,0.21002033021714958,0.24079000894670133,0.22169770134819888,0.06402332310029571,0.055601146417206065
r5_s72000_l1,5,72000,0.5034965034965035,1,0.675681457476,A,0.8380605710877312,0.8611141840616862,0.8391068445311652,0.859731744836878,0.0012484460903282634,0.001605407564285979
r5_s72000_l2,5,72000,0.5034965034965035,2,0.66755083872,A,0.7998163170284696,0.7792376942104763,0.7851884696218703,0.7929579416910806,0.018289008482506756,0.017607268722399327
r5_s72000_l3,5,72000,0.5034965034965035,3,0.472912360003,B,0.539216568072637,0.4825680785708955,0.4954400261243184,0.5125466894220421,0.08118545412043104,0.062123070676089465
r5_s72000_l4,5,72000,0.5034965034965035,4,0.418143959365,A,0.7240708205435012,0.7584351963467068,0.737617329314903,0.7425995226259583,0.01870881740713534,0.02087940248159125
r5_s72000_l5,5,72000,0.5034965034965035,5,0.275168261271,B,0.283903310696284,0.34201161066691066,0.30845318679456357,0.30946759824399583,0.08647266577477936,0.09515470062364254
r5_s72000_l6,5,72000,0.5034965034965035,6,0.295861376879,A,0.3031642966800266,0.304299275080363,0.3019549449284871,0.30551235764114937,0.003989096885019686,0.003986478641666308
r5_s72000_l7,5,72000,0.5034965034965035,7,0.442535815633,C,0.4716065890259213,0.609204822116428,0.5238082982875683,0.5248868553726758,0.1106891007807083,0.1384065977197722
r5_s72000_l8,5,72000,0.5034965034965035,8,0.441349574343,A,0.4778973526424832,0.47620357407463904,0.4812389744652642,0.47320494828400816,0.006992342192935132,0.006296940959444745
r5_s72000_l9,5,72000,0.5034965034965035,9,0.387950699353,B,0.3631946014033423,0.39854600694444436,0.3850915178104683,0.3737809039928295,0.060289762905226356,0.06213863022093932
r5_s72000_l10,5,72000,0.5034965034965035,10,0.417777390647,A,0.4103629721535577,0.4008664025200736,0.40830724217273573,0.4021171817073115,0.00500954062699332,0.0031201896177171346
r5_s143000_l1,5,143000,1.0,1,0.709756742507,A,0.899085309770372,0.885656966103448,0.8954945449475888,0.890961956094813,0.003993797678327425,0.005989892468975782
r5_s143000_l2,5,143000,1.0,2,0.748037353707,A,1.0421509676509433,1.0174618032243514,1.0344151236392833,1.0255920886993408,0.007422959102642749,0.007990752526744896
r5_s143000_l3,5,143000,1.0,3,0.531379501301,B,0.7940320438808866,0.7283867994944256,0.7493629698400144,0.7658388791260897,0.056256009294653554,0.05141784510318997
r5_s143000_l4,5,143000,1.0,4,0.507947334397,A,1.0863103667895,1.1163584656185574,1.100381663552037,1.1071453006179244,0.012953293269317247,0.008252873323731138
r5_s143000_l5,5,143000,1.0,5,0.323725421879,A,0.4473706583182017,0.46496550242106105,0.45469033497351186,0.4564867814381923,0.01636154834742761,0.018235161401656794
r5_s143000_l6,5,143000,1.0,6,0.315594803123,A,0.40990516543388367,0.41054696506924104,0.4137583286673934,0.40457772325586383,0.009400133392858799,0.014539729485896765
r5_s143000_l7,5,143000,1.0,7,0.434405196877,C,0.6301431126064725,0.7427115705278186,0.6855157525451095,0.6635369459788008,0.08787311775813961,0.10660211539810081
r5_s143000_l8,5,143000,1.0,8,0.458203932499,A,0.5062560439109802,0.4645285606384279,0.49216005978760896,0.4743560508445457,0.027843586842830958,0.021155836344250077
r5_s143000_l9,5,143000,1.0,9,0.477344238099,A,0.4552549189991421,0.46971874766879607,0.4700069725513458,0.4556427796681728,0.03240394103726117,0.029966800495939392
r5_s143000_l10,5,143000,1.0,10,0.710123311225,A,0.8987416625022888,0.9176686339908176,0.9134297260531673,0.9031211093620017,0.016342920511737972,0.015852698991720714
r6_s14000_l1,6,14000,0.0979020979020979,1,0.620363203761,A,0.5865197479724884,0.6223341888851589,0.5767551726765103,0.6333121900205261,0.016648331671211603,0.01764004184795854
r6_s14000_l2,6,14000,0.0979020979020979,2,0.564408561834,A,0.4509906868139903,0.48199033737182645,0.4407405224111345,0.4932852409504078,0.022728106594051976,0.02343387969175117
r6_s14000_l3,6,14000,0.0979020979020979,3,0.574911663169,A,0.4482773906654782,0.48837253782484275,0.44177550739712185,0.4953566480565956,0.014504151678695367,0.014300784116250754
r6_s14000_l4,6,14000,0.0979020979020979,4,0.701033003106,A,1.0445287028948467,1.0565301047431097,1.004846160058622,1.0944558426185886,0.03799085915610449,0.03589650470458151
r6_s14000_l5,6,14000,0.0979020979020979,5,0.336881039375,A,0.26503551999727887,0.2909433576795791,0.26222678025563556,0.2939714502405235,0.010597597415099481,0.010407842217415125
r6_s14000_l6,6,14000,0.0979020979020979,6,0.279007018722,B,0.1680924081140094,0.19716986020406072,0.17860037253962624,0.18384320647628227,0.06251302211357007,0.06758971028289236
r6_s14000_l7,6,14000,0.0979020979020979,7,0.442309263706,C,0.2799248728487227,0.38871230019463443,0.3117869253511782,0.3314750724368625,0.11382358480005669,0.14724830608387005
r6_s14000_l8,6,14000,0.0979020979020979,8,0.403068963143,A,0.2307179205947452,0.27101831965976303,0.24150457812680137,0.2576348869888867,0.04675257779804689,0.04938202217336649
r6_s14000_l9,6,14000,0.0979020979020979,9,0.37324227185,A,0.21340440213680267,0.2137982315487331,0.21077705478226696,0.215948590525874,0.012311589302825807,0.010057889448167419
r6_s14000_l10,6,14000,0.0979020979020979,10,0.498263905633,C,0.3138347069422404,0.4052749474843343,0.34478808332372596,0.3547727266947427,0.09862955146985612,0.12461224436138908
r6_s72000_l1,6,72000,0.5034965034965035,1,0.642016008731,A,0.7643024126688639,0.7929642995198569,0.7706566629586397,0.7862598101298008,0.008313790699127948,0.008454970033464583
r6_s72000_l2,6,72000,0.5034965034965035,2,0.589986659391,A,0.5691659980350071,0.5819150341881646,0.5700084368387858,0.5801390541924372,0.0014801284804180459,0.0030519575735005085
r6_s72000_l3,6,72000,0.5034965034965035,3,0.648777101839,A,0.6611291766166687,0.652304967244466,0.6451545777144255,0.6669001579284668,0.024162598577132974,0.02237479617184731
r6_s72000_l4,6,72000,0.5034965034965035,4,0.729123600034,A,1.7777680026160347,1.7505127059088814,1.724853060863636,1.7968071301778155,0.02976481839840917,0.02644620865226518
r6_s72000_l5,6,72000,0.5034965034965035,5,0.285218258752,A,0.32503095600340104,0.32531163427564813,0.32057441605461967,0.32829937228450046,0.013711124637374618,0.009184233498121756
r6_s72000_l6,6,72000,0.5034965034965035,6,0.22985673747,A,0.22372630735238394,0.2139054139455158,0.2187657372819053,0.21829601570411938,0.022172493387839477,0.02052590291006567
r6_s72000_l7,6,72000,0.5034965034965035,7,0.4199233213,B,0.45307992564307314,0.5356436570485431,0.4863787183055171,0.4939390111852573,0.07349430150785924,0.07785893721397777
r6_s72000_l8,6,72000,0.5034965034965035,8,0.422209268743,B,0.4070446689923604,0.48362999492221403,0.4294329517417484,0.45302645365397076,0.055002029150154945,0.06327883214336655
r6_s72000_l9,6,72000,0.5034965034965035,9,0.391422888087,A,0.37108295493655735,0.38378339343600815,0.3817732830842336,0.37318463678713165,0.02880845914756475,0.027616506680912735
r6_s72000_l10,6,72000,0.5034965034965035,10,0.442902384351,B,0.4138943354288737,0.4598767492506239,0.4360994365480211,0.43312275851214377,0.05364920275143409,0.05817643701713116
r6_s143000_l1,6,143000,1.0,1,0.664078649987,A,0.7476856973436145,0.7725881205664741,0.7515565046557674,0.7708712418874106,0.005177051434713829,0.0022222431763542832
r6_s143000_l2,6,143000,1.0,2,0.664078649987,A,0.6894046068191528,0.700036923090617,0.6883934118129589,0.7020932833353677,0.0014667656644449262,0.0029375025472499518
r6_s143000_l3,6,143000,1.0,3,0.726977669381,A,0.8249830868509079,0.8161831167009143,0.807746152083079,0.8302465633109768,0.02089368260094178,0.01723074923050482
r6_s143000_l4,6,143000,1.0,4,0.75,A,1.9717504978179932,1.937442382176717,1.9122466731954504,2.0052518932907666,0.030178171471675334,0.03499949817234334
r6_s143000_l5,6,143000,1.0,5,0.416817701285,A,0.701086355580224,0.7230224344465467,0.6961794561809964,0.7276174757215714,0.006998994289597367,0.0063553232321701975
r6_s143000_l6,6,143000,1.0,6,0.273982019981,B,0.32916684945424396,0.36049575275845,0.3496002797727232,0.33790452392012993,0.06207620953414844,0.06266711511964657
r6_s143000_l7,6,143000,1.0,7,0.482002668122,B,0.7113470170232986,0.8014676570892335,0.7569011427738048,0.7659868575908519,0.06403924478529183,0.04426978329630456
r6_s143000_l8,6,143000,1.0,8,0.38447851062,A,0.4219082163439856,0.4686655733320448,0.43442914883295697,0.45055275493197966,0.029676910768509996,0.03864764008854077
r6_s143000_l9,6,143000,1.0,9,0.437510816892,A,0.42085370421409607,0.4493070708380806,0.43843651921660814,0.4370199839274087,0.04177892418769254,0.02734674726512928
r6_s143000_l10,6,143000,1.0,10,0.781152949375,B,1.0211710002687242,1.1513046953413224,1.0805972218513489,1.0787041717105441,0.058194192321294164,0.06305934816776862
r8_s14000_l1,8,14000,0.0979020979020979,1,0.519550141886,A,0.4072243273258209,0.39173073238796635,0.39242012633217704,0.40379454471446863,0.03635392092320324,0.030796185565863637
r8_s14000_l2,8,14000,0.0979020979020979,2,0.571806043153,A,0.5077182418770261,0.5116835700141059,0.4946838076467867,0.5237517180266202,0.025672574186079277,0.023585177871077723
r8_s14000_l3,8,14000,0.0979020979020979,3,0.579343541264,B,0.5229583117696973,0.4941637251112196,0.4743506400673478,0.5357597757268833,0.09294750768520656,0.08417463383460136
r8_s14000_l4,8,14000,0.0979020979020979,4,0.725651411301,A,1.222296569082472,1.2176927460564504,1.1892908657038654,1.2495548813431352,0.02700302382698797,0.026165989236484746
r8_s14000_l5,8,14000,0.0979020979020979,5,0.325644800604,B,0.2210980537864897,0.2745188872019451,0.23745504683918423,0.251486451537521,0.07398071928944339,0.08390109656606896
r8_s14000_l6,8,14000,0.0979020979020979,6,0.305544805642,A,0.18686280316776702,0.21310692363315184,0.19489291696636765,0.20365989649737326,0.04297331337445558,0.044329986913032554
r8_s14000_l7,8,14000,0.0979020979020979,7,0.37945351188,C,0.23135618534353042,0.3031896485222713,0.2573973862109361,0.25978991720411493,0.11255891355844115,0.14314384257358723
r8_s14000_l8,8,14000,0.0979020979020979,8,0.502329215011,C,0.3236706985367669,0.44642938507927754,0.36819448404841953,0.3642150472711636,0.1375589007988546,0.18415978104427433
r8_s14000_l9,8,14000,0.0979020979020979,9,0.357207586265,A,0.20558327767584061,0.18868380122714568,0.1974307828479343,0.1956568823920355,0.039655437543521105,0.0369564378049516
r8_s14000_l10,8,14000,0.0979020979020979,10,0.454731743766,B,0.28832231627570254,0.31545103920830614,0.3023692744749564,0.29851383633083817,0.0487196356516954,0.053692018006730687
r8_s72000_l1,8,72000,0.5034965034965035,1,0.634845079338,A,0.741052296426561,0.7441590627034506,0.7414200990288345,0.7436745431688099,0.0004963247587877765,0.0006510967331094816
r8_s72000_l2,8,72000,0.5034965034965035,2,0.625388202502,A,0.6622003846698337,0.6189210679796009,0.6389913294050429,0.6442898997554076,0.03504838686605041,0.04098879984580179
r8_s72000_l3,8,72000,0.5034965034965035,3,0.654028652506,B,0.6975903709729513,0.6404398547278509,0.6396534310446845,0.6829981450681331,0.08305295247607451,0.06645165822526838
r8_s72000_l4,8,72000,0.5034965034965035,4,0.64219929309,A,1.43933990266588,1.4285152753194172,1.4134721093707614,1.4516143798828125,0.017971983717806644,0.016170008793370518
r8_s72000_l5,8,72000,0.5034965034965035,5,0.300293254974,A,0.297220915555954,0.319316969977485,0.3073417025583762,0.30684732507776324,0.03405139568814373,0.0390509934394089
r8_s72000_l6,8,72000,0.5034965034965035,6,0.318473871211,B,0.32367729478412205,0.3561698860592311,0.33999580586398087,0.3361460721051248,0.050415989452371406,0.05621983985114371
r8_s72000_l7,8,72000,0.5034965034965035,7,0.358167275628,A,0.3421697583463457,0.3360793325636123,0.3485967991528688,0.3310862205646652,0.01878319357492372,0.014856944522130487
r8_s72000_l8,8,72000,0.5034965034965035,8,0.531746070019,C,0.5807838241259257,0.7138565911187067,0.6375993997962387,0.6275168348241733,0.0978256854100958,0.12094832122948777
r8_s72000_l9,8,72000,0.5034965034965035,9,0.35661446562,A,0.30478105942408246,0.29945537779066306,0.3100493119822608,0.2949170448161942,0.01728536729977915,0.015155289605873366
r8_s72000_l10,8,72000,0.5034965034965035,10,0.494565164974,B,0.4546317756175995,0.48912805981106217,0.4801525517746254,0.45938414997524646,0.05613504714293409,0.0608100664828843
r8_s143000_l1,8,143000,1.0,1,0.62324227185,A,0.6980229881074694,0.6730988290574818,0.694583899445004,0.6758358743455677,0.004926898857278083,0.004066334942098274
r8_s143000_l2,8,143000,1.0,2,0.688243954328,A,0.7849934034877353,0.7439439031812881,0.771021341836011,0.7526284677010997,0.017798954220033476,0.011673681957285447
r8_s143000_l3,8,143000,1.0,3,0.74109297624,B,0.9562838276227316,0.9007845454745823,0.9068009500150327,0.9368190588774503,0.051744969619175525,0.04000347650707425
r8_s143000_l4,8,143000,1.0,4,0.649003653765,A,1.8047940333684285,1.764314068688287,1.7582800167578239,1.8166594152097346,0.025772479158614064,0.02966895035889789
r8_s143000_l5,8,143000,1.0,5,0.322765732516,A,0.44762351446681553,0.4831451045142279,0.45430729124281144,0.4752068961108167,0.01493169272830165,0.01643027804530098
r8_s143000_l6,8,143000,1.0,6,0.326237921249,A,0.4478689365916782,0.4873672591315377,0.46548775611100374,0.47093355214154276,0.03933923092181153,0.03371934959119993
r8_s143000_l7,8,143000,1.0,7,0.353508845605,A,0.45761813057793505,0.47159806887308786,0.46657791844120733,0.4647345807817249,0.019579180247813195,0.014553681502023774
r8_s143000_l8,8,143000,1.0,8,0.598483846864,B,0.7230100499259101,0.8426271544562448,0.7768423513129905,0.7763103025930898,0.0744558134323615,0.07870248604303673
r8_s143000_l9,8,143000,1.0,9,0.42124957938,A,0.4151734941535526,0.4186571968926325,0.42118297462110166,0.41437167591518786,0.014474624589863571,0.010236348519128474
r8_s143000_l10,8,143000,1.0,10,0.674721768113,A,0.9103376732932197,0.9312289555867513,0.9206218498724478,0.9190808402167425,0.01129710093400063,0.013045250898949392
