run_id,step,high_layer,high_beta,low_layer,low_beta,magnitude_ratio,directional_ds_contrast,absolute_kl_gap,absolute_nll_gap,relative_kl_gap,relative_nll_gap,kl_caliper,nll_caliper
2,72000,2,0.75,3,0.5,1.5000000662273971,0.02285879629629628,0.004580137906251114,0.003893675627532067,0.0041905419647195975,0.0034128957402986253,0.10929702995000062,0.11408715424714266
2,72000,2,0.5,7,0.35,1.4285716493294267,0.022135416666666685,0.0032962715184247093,0.011817684880009616,0.00851765447364019,0.029847779021074168,0.03869928662423735,0.03959318002065024
2,72000,10,0.5,4,0.35,1.4285711303230118,0.037615740740740755,0.018259423750418224,0.011137026327627697,0.035261457560595684,0.021172569892887242,0.05178295230423964,0.052601202328999855
2,72000,1,0.5,8,0.35,1.4285708455905053,0.024305555555555525,0.01837841890476366,0.003008727674130851,0.05118993701442707,0.008188010172827732,0.035902405778567,0.03674552926310786
2,72000,10,0.75,4,0.5,1.5000005099508882,0.05237268518518523,0.08291476964950573,0.06693666952627675,0.0819420365369822,0.06453805092785309,0.1011870990196864,0.1037165959676107
2,72000,9,0.5,3,0.35,1.4285713654977314,0.026114004629629706,0.050441485864144764,0.036112529260140525,0.08813064879397489,0.061652619485880016,0.057234896774645216,0.058574201001061345
2,143000,9,0.5,3,0.35,1.4285709577715033,0.01649305555555558,0.0009203575275562592,0.00791991198504427,0.0014349270653522133,0.012192745100496965,0.06413967300344396,0.06495593830391214
2,143000,9,0.75,3,0.5,1.4999996953541104,0.03978587962962954,0.017764983353791397,0.005901230706108818,0.013743059866343974,0.004478356343263473,0.1292651238264861,0.1317722453011407
2,143000,2,0.5,6,0.35,1.4285708379314834,0.017071759259259245,0.0015003096174310837,0.00788177384270572,0.0034217367264478406,0.01806496452121013,0.04384643639679309,0.04363016508243701
2,143000,1,0.5,8,0.35,1.4285714290219549,0.023943865740740755,0.005121109662232559,0.0060697661505804135,0.01405914164835965,0.016821675018136594,0.03642547881161725,0.03608300685882567
2,143000,1,0.75,4,0.5,1.499999887413463,0.01627604166666674,0.04122240013546419,0.025538055985062202,0.03749745202528862,0.023061213210778468,0.1099338699270178,0.1107402969289709
2,143000,10,0.5,5,0.35,1.4285713866724685,0.02611400462962965,0.021174516942765953,0.031473442360206993,0.04172744682778142,0.06293120279526611,0.05074481798542871,0.0500124595783375
3,72000,10,0.75,3,0.5,1.4999994326522628,0.029875578703703665,0.0007197923130459749,0.004907749317310417,0.0006996145296770873,0.004702587231861561,0.10288412868976593,0.10436274917037398
3,72000,10,0.5,3,0.35,1.4285708469419283,0.018012152777777735,0.016433531487429653,0.01130534984447329,0.031645600568288385,0.021641404798749517,0.05192990871491257,0.05223944540377016
3,72000,2,0.5,7,0.35,1.4285720741758217,0.02546296296296291,0.0126001327126114,0.008013478031864807,0.036814279882347714,0.023279973688187107,0.03422620991865794,0.03442219539924903
3,72000,1,0.5,6,0.35,1.428572401258375,0.01663773148148151,0.02805527161668847,0.02029810128388565,0.07140243459789722,0.04995601189243798,0.03929175773152599,0.040631949018549045
3,72000,2,0.75,4,0.5,1.5000001810215216,0.03725405092592593,0.07789499892128837,0.08823968746044031,0.07986531768732576,0.08872714210434725,0.09753294818931156,0.09945061383423981
3,143000,1,0.75,3,0.5,1.5000002770512664,0.02748842592592593,0.00646034655747596,0.005361521685564918,0.0063505135724347215,0.0050609976278098755,0.10172951342882933,0.10593803988562689
3,143000,1,0.5,7,0.35,1.4285715722893553,0.03182870370370372,0.000963660301985525,0.0057222843170166016,0.0026918343762944775,0.015519416273890538,0.03579939057429632,0.03687177543286924
3,143000,2,0.5,8,0.35,1.4285710987861702,0.014033564814814825,0.011642407487939876,0.0019798543718124173,0.03533617006918707,0.006082231176280105,0.03294756467695589,0.032551448875003386
3,143000,10,0.5,5,0.35,1.4285714704703736,0.039134837962962965,0.01784842544131815,0.02134569485982274,0.040247272043660624,0.04788208134291325,0.04434691976617884,0.04457971387439304
3,143000,9,0.5,3,0.35,1.4285716204956622,0.026620370370370405,0.02934895290268802,0.024908427838925884,0.05350214927809629,0.044582719888882454,0.054855652153491974,0.05587013959884644
3,143000,10,0.75,4,0.5,1.500000260494385,0.016565393518518545,0.03970695204204988,0.0671147063926415,0.04143702015184189,0.06810118737752356,0.0958248249910496,0.09855144818623861
5,14000,1,0.5,4,0.35,1.428570341902594,0.027994791666666685,0.017404982337245245,0.01667312339500132,0.05388471336800911,0.05451836787897872,0.03230040812933887,0.03058257985998083
5,72000,2,0.75,4,0.5,1.4999997439208423,0.0248842592592593,0.0018244120809767228,0.0002735632437242952,0.001740567121648545,0.0002568449596268172,0.10481710577452624,0.10650909565113209
5,72000,1,0.5,7,0.35,1.4285712898092766,0.039858217592592615,0.018861957170345167,0.03146633395442261,0.05244658575927387,0.08693955371958384,0.03596412787834803,0.036193346535717985
5,72000,10,0.5,4,0.35,1.4285713754093092,0.03284143518518523,0.0404448354685748,0.040398094389173744,0.07517964094810807,0.07558366524617255,0.053797590622195496,0.05344818124064692
5,143000,10,0.5,6,0.35,1.4285713402682492,0.022207754629629595,0.00019967224862849076,0.00755025722362368,0.00039915520896277097,0.015400712605201252,0.050023711114018043,0.04902537575474492
5,143000,9,0.75,5,0.5,1.4999995077098618,0.021122685185185064,0.02794468402862549,0.005187741032353088,0.02777203836782748,0.0051020090474087195,0.10062165282390736,0.10168035736790411
5,143000,2,0.75,4,0.5,1.49999997350905,0.011935763888888895,0.030849130065352837,0.04056407787181704,0.029242206736030948,0.038495900417289855,0.10549521909819709,0.1053724615662186
5,143000,8,0.5,4,0.35,1.42857134387247,0.031756365740740755,0.020606873212037136,0.02284526824951194,0.03655940304000605,0.04154956156816872,0.056365453203519184,0.054983175242388695
5,143000,10,0.75,6,0.5,1.500000059604647,0.040870949074074125,0.04976480757748625,0.027505574402985622,0.05087988242309996,0.02809167745379057,0.0978084170156055,0.09791360607853644
5,143000,9,0.5,5,0.35,1.428571744390494,0.00267650462962965,0.015005124939812431,0.03494950577064804,0.029101235167169788,0.0683229159085152,0.05156181465696406,0.05115341654530277
6,14000,3,0.5,5,0.35,1.4285709645293592,0.03595196759259256,0.019002611438433348,0.025180666534989127,0.0654198147687106,0.07688462008973046,0.029047180132733455,0.032751240112163404
6,72000,3,0.5,8,0.35,1.4285708969504538,0.020688657407407385,0.00131024585829842,0.0021116468641492747,0.004168639082306944,0.006451476619407098,0.03143102178970973,0.032731217808193616
6,72000,2,0.5,7,0.35,1.4285713866724759,0.032913773148148195,0.005004955662621435,0.007511748207939983,0.013911218520881603,0.020718474099938315,0.03597783799524661,0.03625628109331483
6,72000,3,0.75,5,0.5,1.4999993752552483,0.045500578703703776,0.05829999623475246,0.058825016021728294,0.06299263748380676,0.06138210903045617,0.09255049250744007,0.0958341395413434
6,72000,1,0.5,4,0.35,1.4285711979019164,0.017433449074074125,0.03187091483010185,0.036264084003589825,0.07850446445478179,0.08756804628265812,0.040597582636056125,0.04141246212853325
6,143000,3,0.75,4,0.5,1.499999945914298,0.0434751157407407,0.009631512341675919,0.006752243748417541,0.011070838269197218,0.007515991038432389,0.08699894359818211,0.08983836880436652
6,143000,3,0.5,9,0.35,1.4285709830007962,0.036603009259259245,0.0014271625766047458,0.0061953685901783295,0.004634307385089092,0.020353796479838832,0.030795595932889875,0.03043839313365795
6,143000,1,0.75,5,0.5,1.500000058500861,0.03493923611111105,0.03395518550166399,0.004212308813024368,0.03392657672554023,0.004051692794286302,0.10008432556081702,0.10396417070318152
6,143000,2,0.75,6,0.5,1.5000001346623308,0.02372685185185186,0.020854819703985172,0.020970892023157384,0.02195913777660783,0.021533960140507007,0.09497103172319908,0.09738520869502316
6,143000,1,0.5,8,0.35,1.4285711505967194,0.02596932870370372,0.013109687301847583,0.017205300154509384,0.03564990504880772,0.0458760747816692,0.036773414357944775,0.03750386282249734
6,143000,9,0.5,6,0.35,1.4285709496620504,0.012731481481481455,0.0199089933324742,0.024260141231395638,0.03724565454220066,0.04542584978427334,0.05345319763377861,0.05340602618676646
6,143000,10,0.5,5,0.35,1.428571485788288,0.012008101851851805,0.01184510853555465,0.03550028800964333,0.023743810086306587,0.07058468585038068,0.04988714318584513,0.0502946036833304
8,72000,1,0.5,6,0.35,1.4285711532998144,0.02907986111111116,0.01013076415768377,0.016449292500813673,0.025334858710200206,0.04169614926710343,0.0399874507828995,0.039450387601499215
8,72000,3,0.5,7,0.35,1.4285714884914398,0.023292824074074014,0.02331964837180245,0.01584444222626874,0.07210570285569841,0.04869384697219155,0.03234092096487681,0.032538900110456695
8,143000,10,0.75,4,0.5,1.4999999348764061,0.02900752314814814,0.02185247121033851,0.00216454046743908,0.019975243731859507,0.001954411454820812,0.10939777007809393,0.11075152379495129
8,143000,10,0.5,6,0.35,1.4285710938304017,0.02662037037037035,0.015167532143769535,0.0017562618962041476,0.02829267136854574,0.0032663218665269665,0.05360940275368867,0.05376879462489377
8,143000,9,0.5,4,0.35,1.4285706919610588,0.01121238425925919,0.011912518077426548,0.011495625531231957,0.0212581643584409,0.020659841669777905,0.05603737875267312,0.055642369941428876
8,143000,1,0.75,5,0.5,1.500000018764423,0.02459490740740733,0.05884459283616805,0.0038962364196777344,0.05551589963432404,0.0035882231392777666,0.1059959276958748,0.10858400574436895
8,143000,8,0.5,5,0.35,1.4285709118177676,0.02191840277777779,0.04020232182961925,0.00735635227627196,0.07333836118690612,0.013175545125801604,0.05481758956555967,0.055833380752139644
8,143000,3,0.5,8,0.35,1.4285717723231761,0.032986111111111105,0.014385109698330845,0.020899189843071986,0.045056148192642614,0.06699467369516093,0.03192707382970386,0.0311953005967317
8,143000,3,0.75,6,0.5,1.5000005132621905,0.018735532407407385,0.07737058842623667,0.08623997370402015,0.07939077852632358,0.0852792037208337,0.0974553844443074,0.10112661697246413
