target_id,run_id,step,layer,selected_beta,valid_fraction,comparisons,cosine_mean,cosine_median,cosine_q10,cosine_q90,cosine_sd,directional_disagreement,block_norm_mean,noise_norm_mean,log_noise_block_norm_ratio,family_residual,reversal,block_kl,reveal_kl,block_nll_damage,reveal_nll_damage,mean_kl,mean_nll,delta_boundary_difference,output_log_norm_ratio,output_abs_cosine_difference,resid_base,resid_aug
r2_s14000_l1,2,14000,1,0.610086654353,1.0,13824,-0.0003151849178257,2.4985114578157663e-05,-0.0469228565692901,0.0461766842752695,0.036216154570866,1.0003151849178258,12.570713718214796,18.514897736893207,0.387205890610847,0.007740162037037,True,0.5876143508487278,0.581660372239572,0.6313015884823269,0.6384883898275868,0.5846373615441499,0.6348949891549569,-0.1649237871170044,-0.0022332442479958,-7.145386189222336e-05,0.014170048707562447,0.016563870572257125
r2_s14000_l2,2,14000,2,0.667777390647,1.0,13824,-5.617002929921063e-05,-1.5637685919500655e-05,-0.0467469036579132,0.047044488787651,0.036408127643843,1.0000561700292991,15.849480966313015,22.72915118615385,0.36051154065689,0.0028211805555555,True,0.6941122081544665,0.6960172145454971,0.7525731987423366,0.7499408986833362,0.6950647113499818,0.7512570487128365,-0.118215799331665,-0.0209102333927989,0.0002088618930429,-0.0023586169319210555,0.007597673375734859
r2_s14000_l3,2,14000,3,0.569293543783,1.0,13824,0.0001375480618765,-0.0002228646771982,-0.0455954223871231,0.0467533756047487,0.03603616992971,0.9998624519381236,19.31240839925077,22.97818735021132,0.173797578292408,-0.0341435185185184,False,0.7652236223220825,0.7465438776546054,0.7743501398298474,0.7919619966436313,0.755883749988344,0.7831560682367393,-0.0112780928611755,0.0644216966362592,-0.0001853569410741,-0.01635913863449951,-0.0064241973295244975
r2_s14000_l4,2,14000,4,0.367257583746,1.0,13824,0.000355524496217,7.157148138503544e-05,-0.0461828809231519,0.047294183447957,0.0364866652033674,0.9996444755037828,14.463135616439912,15.366013326233736,0.0605551028671116,-0.0138888888888888,False,0.262666051586469,0.2731158170435164,0.2992361386617024,0.2861531222308127,0.26789093431499267,0.29269463044625754,0.0926247909665107,0.1712989093652119,-0.0005906112492084,0.011428469317834632,0.0015563802455653714
r2_s14000_l6,2,14000,6,0.327424162539,1.0,13824,0.0001294825096721,0.000376419731765,-0.0465607214719057,0.0466046001762152,0.0361495479278293,0.9998705174903278,16.390722185787226,15.400220035195902,-0.0623336570539301,-0.0250289351851851,False,0.1849737829632229,0.1863985530756138,0.2089083989461266,0.2072829140557184,0.18568616801941834,0.2080956565009225,0.0370539352297782,0.0559108744753077,-0.0005668499507009,0.007640225145344064,0.008640574763423378
r2_s14000_l9,2,14000,9,0.370729772479,1.0,13824,-0.0001215638891089,-0.0002607415663078,-0.0461436904966831,0.045318978279829,0.0358429676822972,1.000121563889109,22.132550484397346,25.0377611713139,0.1233357346353655,-0.0378327546296295,False,0.210194620821211,0.2105704617721063,0.2148643864525687,0.2147918277316627,0.21038254129665865,0.2148281070921157,0.0285970903933048,0.0511657221488827,-0.0005252950359135,-0.006745577691301276,-0.020936234001084415
r2_s14000_l10,2,14000,10,0.467887361263,1.0,13824,-0.0003267137569514,6.803963188417583e-06,-0.046366298943758,0.045644050091505,0.0359830950150691,1.0003267137569514,32.54410784401827,37.59945672364147,0.1443932678003599,0.0020254629629629,True,0.2904930694235696,0.2992866337299347,0.3209444946712916,0.3105879624684649,0.2948898515767522,0.31576622856987824,0.0040069669485092,0.097081083700598,-0.0005072229541838,0.027117093234549867,0.018050175807579272
r2_s72000_l1,2,72000,1,0.708203932499,1.0,13824,-5.549712750205113e-05,0.000109353033622,-0.0462773781269788,0.0468269687145948,0.0362820828279997,1.000055497127502,10.194685272975928,15.54215084568218,0.4216892095935785,-0.0008680555555555,False,0.9493300782309636,0.9299386673503452,0.9494883219401044,0.9681474897596574,0.9396343727906544,0.9588179058498809,-0.1502646803855896,0.0002374597728829,-0.000106610590592,0.01594480283159212,0.005745081060430361
r2_s72000_l2,2,72000,2,0.699480193099,1.0,13824,-0.0002866105410856,-0.0001734022953314,-0.0463756099343299,0.0460666183382272,0.036057109365381,1.0002866105410857,12.930085950944989,17.390544897704213,0.2963698216767895,-0.0199652777777777,False,0.92882463004854,0.9133733996638546,0.9390635490417482,0.954148363184046,0.9210990148561973,0.946605956112897,-0.1026764214038848,-0.0213369581567354,1.1394964531064034e-05,-0.00679168752424791,-0.008961006353423697
r2_s72000_l3,2,72000,3,0.44408862564,1.0,13824,0.0003596947887024,0.0005533225485123,-0.0450808778405189,0.0463337164372205,0.0358896761318822,0.9996403052112977,16.058146928126614,13.425094566342455,-0.1790906331424027,-0.0490451388888888,False,0.8842032485538058,0.8714970482720269,0.8943626085917153,0.9076645462601268,0.8778501484129164,0.9010135774259211,0.0377615541219711,0.058982198702033,-0.0001719389110803,-0.027664943841069378,-0.0030585383492533896
r2_s72000_l7,2,72000,7,0.341906038116,1.0,13824,-0.0003598838432148,-0.0005358594935387,-0.0464125137776136,0.0464249745011329,0.0363775550763706,1.0003598838432148,14.10491570457816,12.82553431653866,-0.0950853158593682,-0.0407262731481481,False,0.3825724124908447,0.3732463927180678,0.3660224808586971,0.3739258801495588,0.37790940260445627,0.36997418050412795,-0.0392883457243442,-0.0201142316195303,-0.000262094894424,-0.018912459368776724,-0.013626819385882026
r2_s72000_l9,2,72000,9,0.37324227185,1.0,13824,-0.0001777748244117,-0.0003715177444973,-0.0458061926066875,0.046402895078063,0.0359095115868847,1.0001777748244118,19.92195461793906,20.05111695315551,0.0064624898545497,-0.035011574074074,False,0.3535401688681708,0.3652026851971944,0.3771826161278618,0.3642142790335199,0.3593714270326826,0.3706984475806908,0.0468697100877761,-0.0335156336943963,-0.0001551208551973,-0.015578381990032399,-0.02666501213631287
r2_s72000_l10,2,72000,10,0.52014326253,1.0,13824,-0.0002697743676123,-0.0002873927442124,-0.0466609742492437,0.0458589900285005,0.0361644483786259,1.0002697743676123,33.91574214067724,33.81599524865548,-0.0029453537728698,0.0251012731481481,True,0.5688886642456055,0.5649002812526844,0.5656325022379556,0.5702363473397711,0.566894472749145,0.5679344247888634,0.1656777560710907,0.0213226947720132,-0.0001030871644616,0.04534919335051137,0.031057085228741434
r2_s143000_l1,2,143000,1,0.734741719419,1.0,13824,8.659563816527372e-05,-0.0001298549032071,-0.0462905086576938,0.0468320231884717,0.0361119692834676,0.9999134043618348,5.672214910801914,8.142332611984953,0.3614970223457147,-0.0036892361111111,False,1.0257128013504877,1.021167112721337,1.0317671828799777,1.0359454066665088,1.0234399570359125,1.0338562947732433,-0.1667118668556213,0.2429284203729095,-0.0004444061778485,0.012633647829817225,0.001048215652614396
r2_s143000_l2,2,143000,2,0.75,1.0,13824,5.033653769269294e-05,-7.99375629867427e-05,-0.0460195895284414,0.0464179918169975,0.0362322754025577,0.9999496634623072,7.489000682615572,9.555679361956814,0.2437003069008856,-0.007740162037037,False,1.2016478247112696,1.1993317957277652,1.209634330537584,1.2143381524969032,1.2004898102195174,1.2119862415172435,-0.0700254142284393,-0.3266489045095503,0.0004483173834159,0.024484332013822198,0.01907805059217898
r2_s143000_l3,2,143000,3,0.48739423558,1.0,13824,0.0003620136461671,4.755847476189956e-05,-0.045748708024621,0.0470559131354093,0.036193372645073,0.9996379863538328,9.48968109033174,7.71726487390697,-0.206744996928804,-0.0593894675925925,False,1.250755018658108,1.2221425771713257,1.227257172266642,1.2518015702565513,1.2364487979147167,1.2395293712615967,0.180694580078125,-0.2684544251316897,0.0005390325095504,-0.02731217809979486,-0.012098687851639159
r2_s143000_l4,2,143000,4,0.28795731005,1.0,13824,0.000267047371443,0.0001966022318811,-0.0458494182676076,0.0471598614007234,0.0362330033197748,0.9997329526285568,6.739612161388828,4.622918854726271,-0.3769760881101999,-0.0237991898148148,False,0.3945920136239793,0.4102195931805504,0.4097302754720051,0.394512874108774,0.40240580340226484,0.40212157479038957,-0.0396762415766716,0.0607401364295448,-0.0002248202217742,-0.009384537252776763,0.016219517650364054
r2_s143000_l6,2,143000,6,0.324685111242,1.0,13824,-9.983071773811005e-05,-2.4050836145761423e-05,-0.0473661430180072,0.04651307053864,0.0363822862829813,1.000099830717738,7.262295573018491,5.855448555839421,-0.2153233686405272,-0.0337094907407407,False,0.3667832811673482,0.3842090213740313,0.3975701067182752,0.3784873485565181,0.37549615127068975,0.38802872763739665,0.0161426737904548,0.0845283931064514,-0.0003394949017092,-0.012886061796564093,-0.011499503554394691
r2_s143000_l9,2,143000,9,0.365704773739,1.0,13824,0.0004760425505983,0.0006478672730736,-0.0454640038311481,0.046149256080389,0.0358137827986744,0.9995239574494016,15.59682961439507,10.663488084864284,-0.3802420860758457,-0.0167100694444444,False,0.3689571420351664,0.3684534551920714,0.3673667377895779,0.3676390471281832,0.3687052986136189,0.36750289245888057,0.0656526386737823,0.1617108130554133,-0.0002476380905136,-0.008418820519269576,0.008978087850554851
r2_s143000_l10,2,143000,10,0.73488173621,1.0,13824,5.633073781290492e-05,0.0001230190318892,-0.0461655683815479,0.0467601105570793,0.0363145830800226,0.9999436692621873,22.95153722808593,22.33431929384393,-0.0272604386453968,0.0240162037037037,True,1.0224928392304315,1.0204156107372708,1.0224942366282146,1.0242124221943043,1.0214542249838512,1.0233533294112593,0.352750688791275,0.156300157292104,-5.357631016522646e-05,0.04868727328365245,0.023793033833218846
r3_s14000_l1,3,14000,1,0.649370222483,1.0,13824,7.410288247591926e-05,-0.0001694739694357,-0.0456082101911306,0.0469777207821607,0.0361326379118752,0.999925897117524,12.805036743688914,19.37185179518053,0.413982484918947,0.0036892361111111,True,0.6331983407338461,0.6385221547550626,0.718385034137302,0.7120556389843973,0.6358602477444544,0.7152203365608496,-0.1739371865987777,-0.0316966321565843,-6.205285899341106e-05,0.013055643537675823,0.01516211082682808
r3_s14000_l2,3,14000,2,0.592865727479,1.0,13824,-0.0003808083494703,-0.0005406854324974,-0.0470592591911554,0.0465940859168768,0.0363589983470604,1.0003808083494703,14.294782603780428,19.682670091934227,0.319843940015827,-0.017505787037037,False,0.5016940666569604,0.4783003010131694,0.5203430122799345,0.5420866454089133,0.48999718383506485,0.5312148288444238,-0.1475192457437515,-0.0411134086801414,-2.2789929062128067e-05,-0.011002804200501865,-0.007143657069047092
r3_s14000_l3,3,14000,3,0.723505480648,1.0,13824,0.000182780885578,0.0001754483382683,-0.0456081829965114,0.0461064200848341,0.0359926394472244,0.999817219114422,20.20404491366612,28.67620387425025,0.3501848179311042,-0.0251012731481481,False,1.1653783188925848,1.1594278944863214,1.2564765877193873,1.2626827822791205,1.1624031066894531,1.2595796849992538,0.0620791912078857,0.0734709602831973,-0.0001457731705158,0.00042998035053232186,-0.0011754292030703647
r3_s14000_l4,3,14000,4,0.46204268995,1.0,13824,0.0003162459182307,0.0002322918808204,-0.0458799373358488,0.0467725317925214,0.0363098220486113,0.9996837540817692,16.796932102077538,19.245312843954675,0.1360712856980345,-0.0266203703703703,False,0.4211405383216011,0.4182443409054368,0.4601081477271185,0.463352618394075,0.41969243961351893,0.46173038306059677,0.0658689886331558,0.1411131970126236,-0.0004492450971156,-0.00511508781495729,-0.012410825824826686
r3_s14000_l5,3,14000,5,0.390096630006,1.0,13824,-0.000238803089452,-0.0003680656081996,-0.0462351527065038,0.0466751139611005,0.0360750507108535,1.000238803089452,17.699299975401825,17.337415555630017,-0.0206581743760239,-0.0141782407407407,False,0.2574349194765091,0.2654296822018093,0.303992615805732,0.294494143238774,0.2614323008391592,0.299243379522253,0.0704013407230377,0.117210931347661,-0.0005230826791375,0.011504341434250043,0.01031501400510311
r3_s14000_l8,3,14000,8,0.355654776257,1.0,13824,-0.0002859178787776,-0.0003389211342437,-0.046314725279808,0.0462991088628769,0.0362337832753198,1.0002859178787775,21.2590950574312,21.8432839140296,0.0271086954313697,-0.0128761574074074,False,0.1952278746498955,0.1921509680924592,0.2021975252363418,0.2049733621102794,0.19368942137117734,0.2035854436733106,-0.0125137651339173,-0.0375129688657839,-0.0001188192982226,-0.0005892510581596167,0.005420666637130462
r3_s14000_l9,3,14000,9,0.371322893124,1.0,13824,-0.0002676247212798,-0.0001279369389521,-0.0466155167669057,0.0466663006693124,0.0364503001341602,1.0002676247212798,20.80744815659192,25.018994800815427,0.1843243213431029,-0.0264033564814814,False,0.2099452780352698,0.2063104681394718,0.2110987769232855,0.2150186785945189,0.2081278730873708,0.2130587277589022,-0.0090754218399524,0.0786520778971915,-0.0004021797794848,-0.008358766832678742,-0.019903255307366988
r3_s14000_l10,3,14000,10,0.443722056922,1.0,13824,-0.0003589851896975,0.0002394437688053,-0.0463773030787706,0.0447888102382421,0.0356026896542,1.0003589851896977,28.11962829447455,34.16195283637003,0.1946446863187478,-0.0052806712962962,False,0.2584894531302982,0.266088264407935,0.2954315344492597,0.2864877471217406,0.26228885876911656,0.29095964078550013,-0.0275273770093917,0.1017579734187716,-0.0005498907994478,0.01968032456351396,0.007596183270225675
r3_s72000_l1,3,72000,1,0.657500841239,1.0,13824,0.0003705335191487,0.0003833131340797,-0.0453464426100254,0.0463033348321914,0.0359966295350939,0.9996294664808512,10.21188598136521,14.467913793882838,0.3483810215182076,0.0108506944444444,True,0.8216641214158799,0.8235558801227145,0.8519875208536782,0.8505623428909868,0.8226100007692971,0.8512749318723325,-0.122162789106369,0.0215161264274833,-1.2285076081752775e-05,0.017336916691739413,0.01196443476422549
r3_s72000_l2,3,72000,2,0.68417864495,1.0,13824,-0.0004162813661666,-0.0001910068385768,-0.046696888282895,0.0458524115383625,0.0360778912196914,1.0004162813661666,11.588062781219682,16.69425625450633,0.3650892257358185,-0.0045572916666666,False,0.8010647826724583,0.7897802657551236,0.798615190717909,0.8069694660328048,0.7954225242137909,0.8027923283753569,-0.1016850471496582,-0.0145293760070281,-5.235825665295124e-05,0.00949672634174536,-0.00419567059490762
r3_s72000_l3,3,72000,3,0.674128647469,1.0,13824,0.0004700058929522,0.0006049908406566,-0.0464690871536731,0.046868060156703,0.0362835561665362,0.9995299941070478,16.742866557298434,19.704216730263497,0.1628603696771796,-0.0324797453703704,False,1.7865699529647827,1.754473787766916,1.7594680786132812,1.7884020452146174,1.7705218703658494,1.7739350619139493,0.0940795838832855,0.0645618097483822,-8.746166713535786e-05,0.006778022070655233,0.019258287111251333
r3_s72000_l4,3,72000,4,0.324685111242,1.0,13824,0.0001688860466596,0.00022901975899,-0.0461333397775888,0.0463405009359121,0.0363419184315577,0.9998311139533403,12.526836392987104,9.766888517058558,-0.2488753122719744,-0.0329861111111111,False,0.420711682902442,0.430899691802484,0.4373422463734943,0.4262613278848155,0.425805687352463,0.4318017871291549,0.0901241898536682,0.1226222516472424,-0.0005209490191191,-0.003950229696980487,0.002401654477800011
r3_s72000_l5,3,72000,5,0.269183573168,1.0,13824,-0.0003090785856085,9.444655006518587e-05,-0.0465767003595829,0.0460603963583707,0.0359009937527435,1.0003090785856086,12.50375034266876,8.359600663737014,-0.4026179682623975,-0.0394965277777777,False,0.2777864734331767,0.2754284899543833,0.2731298870510523,0.2754917321381742,0.27660748169378,0.27431080959461324,0.0742847174406051,0.0600573535001168,-0.0005698648747056,-0.004077010022615131,0.009722646574670486
r3_s72000_l6,3,72000,6,0.349443536227,1.0,13824,-1.1083675249498502e-05,8.824298856779933e-05,-0.0464860018342733,0.0466999482363462,0.0363718402920745,1.0000110836752496,14.083859918225142,12.068691676758506,-0.1544148204797037,-0.0380497685185185,False,0.3916894363032446,0.4058621923128764,0.4318052397833927,0.415422651502821,0.39877581430806053,0.42361394564310684,0.0752228796482086,0.1183298906437481,-0.0006840459536761,0.0004375974620756326,-0.005709207944340648
r3_s72000_l8,3,72000,8,0.391466155654,1.0,13824,-0.0001559972098238,4.002562673122157e-05,-0.0468361716717481,0.0464245706796646,0.0362943649885215,1.0001559972098235,17.617008954700495,17.575780923926718,-0.0023429827402886,-0.0248119212962963,False,0.3690718511740367,0.3844910970440617,0.4042413499620223,0.3873753017849388,0.37678147410904916,0.3958083258734806,-0.0069627687335014,-0.0168274358427802,-0.0002408549189567,-0.003915659287970011,-0.009468179055002423
r3_s72000_l9,3,72000,9,0.368810393754,1.0,13824,0.0001894360803188,6.654863682342693e-05,-0.0468288574367761,0.046347514912486,0.0362518265400195,0.9998105639196812,19.80505414886607,19.654427635173004,-0.00763452729232,-0.0130208333333333,False,0.319050669670105,0.3310327342262975,0.3441070450676811,0.330175081888834,0.32504170194820126,0.33714106347825756,-0.0330697186291217,-0.0139351885451829,-9.551597759127616e-05,-0.004251760943906519,-0.0033399139007684164
r3_s72000_l10,3,72000,10,0.492052665603,1.0,13824,-5.846911478099467e-05,-2.3561260604765263e-05,-0.0459627840667963,0.0469343591481447,0.0361979134884118,1.000058469114781,28.802330437633728,31.096693554410223,0.0766451951131201,0.0085358796296296,True,0.4807328250673082,0.496789327374211,0.5195619265238443,0.5021944752445924,0.4887610762207596,0.5108782008842183,0.1208596751093864,0.0481120186313993,-0.0001502882223576,0.02441564574004655,0.005896887315158901
r3_s143000_l1,3,143000,1,0.692902384351,1.0,13824,0.0003844085915985,0.0002388610228081,-0.0455038826912641,0.0464396517723798,0.0360644556929618,0.9996155914084016,5.792486644608693,7.81303143132202,0.2992313642716271,0.0043402777777777,True,0.8428021934297351,0.8334698036864951,0.8603199587927923,0.8679037535632097,0.8381359985581152,0.864111856178001,-0.0744267255067825,0.1389376841318344,-0.0002230035606771,0.01768630606293245,-0.0005381664773468353
r3_s143000_l2,3,143000,2,0.754475145664,1.0,13824,-0.0002410966038123,6.882095112814568e-05,-0.0467311479151248,0.0457505095750093,0.0360563588059168,1.0002410966038124,6.891668731191506,9.593960818386188,0.3308205672910494,-0.0169270833333333,False,0.9341029723485312,0.920106417602963,0.9460280471377904,0.9573600822024876,0.9271046949757471,0.9516940646701391,-0.0706470608711242,-0.0744408887753,8.43629240989685e-05,0.003237372721790425,-0.017185014636733227
r3_s143000_l3,3,143000,3,0.681526128789,1.0,13824,0.0002622580437913,0.0001051153303706,-0.0461796797811985,0.0470942180603742,0.0361775884116342,0.9997377419562086,10.126017837992144,10.50453409863015,0.0366988477244953,-0.0373263888888889,False,1.7876547045177882,1.7530632504710444,1.8058287567562523,1.8374121895542848,1.7703589774944164,1.8216204731552685,0.1171648800373077,0.0905096295077825,2.620532177388668e-05,-0.004528277652616368,0.009779634208690512
r3_s143000_l4,3,143000,4,0.381006321887,1.0,13824,5.588739896108571e-05,-0.0001754506956785,-0.0460904501378536,0.0461020700633525,0.0362363597100931,0.9999441126010388,7.91358453180227,6.299676953711444,-0.2280824888141705,-0.0380497685185185,False,0.5821225576930575,0.5995735746842844,0.6313434176974825,0.6140430150208656,0.590848066188671,0.6226932163591741,0.0762849003076553,0.1596606365847645,-0.0002257958985865,-0.025966031230761643,-0.017793260218546214
r3_s143000_l5,3,143000,5,0.391832724372,1.0,13824,-0.0002172432015416,-0.000137820119562,-0.0459904260933399,0.0461224593222141,0.0358458052404423,1.0002172432015417,8.619854047997958,6.685306011285219,-0.2541561674299442,-0.0321180555555555,False,0.519927226834827,0.5269865791002909,0.5389819410112168,0.5339431939301673,0.5234569029675589,0.536462567470692,0.1066532880067825,0.2878952840508174,-0.0004053940065205,-0.022861490416377372,-0.01756165742675663
r3_s143000_l8,3,143000,8,0.430339887499,1.0,13824,-0.0004473522570836,-0.0006596600287593,-0.0466187790036201,0.0462018180638551,0.0362125043891022,1.0004473522570836,12.81818444478429,10.856101595624178,-0.166137541526445,0.0026041666666666,True,0.4659952885574765,0.4732493382913095,0.4829959604475231,0.470776496110139,0.469622313424393,0.47688622827883104,-0.0372585691511631,0.2548586580511376,-0.0001881801290437,-0.006302269779909138,0.00923379291806859
r3_s143000_l10,3,143000,10,0.78055982873,1.0,13824,0.0002111457549338,-7.34483874111902e-05,-0.0453978899866342,0.0466323912143707,0.0360875672671101,0.999788854245066,23.4554420111494,23.117936542740576,-0.0144937467345366,0.023365162037037,True,0.971138185924954,1.00735471645991,1.0564743412865532,1.0224278502994113,0.9892464511924319,1.0394510957929821,0.385317213833332,0.4672553364759671,-0.0001611440093256,0.01879335722296983,-0.0012756374809998888
r5_s14000_l1,5,14000,1,0.631372890605,1.0,13824,0.0001857234837526,0.0003427949122851,-0.0456155709922313,0.0460696443915367,0.0358611051800407,0.9998142765162474,11.88303988530404,18.99815462446875,0.4692296856180591,0.0012297453703704,True,0.6387513412369622,0.637866806100916,0.622386932373047,0.622766229841444,0.6383090736689391,0.6225765811072455,-0.1690968945622444,0.0179745361348512,-0.0002261579502373,0.01801044123927997,0.011331920399502026
r5_s14000_l2,5,14000,2,0.602549156242,1.0,13824,-0.0003532229601252,-0.0003289723681518,-0.0469899207353591,0.0462869342416524,0.0360743227463353,1.0003532229601253,15.818056638042131,20.67786634796196,0.267911756956155,-0.0060040509259259,False,0.5554652412732443,0.5433142968901882,0.5288314819335939,0.5390104717678499,0.5493897690817162,0.5339209768507218,-0.1039582937955856,-0.0135945746252937,4.042801447212696e-05,-0.002169379975299919,0.005638003071485316
r5_s14000_l3,5,14000,3,0.543941998153,1.0,13824,-0.0003611746263162,-0.0004888764087809,-0.0470845907926559,0.0462195303291082,0.0362443479192807,1.000361174626316,16.31557827629149,20.616310256636805,0.2339621486771795,-0.0089699074074074,False,0.4578365882237752,0.4524185028341081,0.4511782328287761,0.456472149601689,0.45512754552894163,0.45382519121523257,-0.0389877557754516,0.035879875225687,2.0276522263884544e-05,-0.009092747547399567,-0.006029176461174119
r5_s14000_l4,5,14000,4,0.482595788767,1.0,13824,-0.0002802770489427,-0.0003934558189939,-0.0467107076197862,0.0458297587931156,0.036188628182257,1.0002802770489427,22.498931324109435,21.559629673414207,-0.0426452420406278,-0.0322627314814814,False,0.6056164900461832,0.5859072638882531,0.5590471161736382,0.5757453000103983,0.5957618769672182,0.5673962080920183,0.0773749649524688,0.068031897230676,-0.0001453512813895,-0.015989913354546983,0.0003304538985648142
r5_s14000_l8,5,14000,8,0.408687082529,1.0,13824,0.000212122072622,0.0001839779288275,-0.0461190968751907,0.0467155236750841,0.0361226241173406,0.999787877927378,21.95230659366482,24.9387743042575,0.1275515752705403,-0.0142505787037037,False,0.2813361187775929,0.2790945569674174,0.2636863125695119,0.2653562051278575,0.2802153378725052,0.2645212588486847,0.0214077234268188,0.0167030509245051,-0.0001318980939686,-0.003210533694573532,-0.005625064059708636
r5_s72000_l1,5,72000,1,0.675681457476,1.0,13824,7.510829779115251e-05,-0.0002658410958247,-0.0453739695250988,0.0458141792565584,0.0357845010228487,0.9999248917022088,10.009186153507066,15.150157806636006,0.4145076615048478,0.0188802083333333,True,0.8380605710877312,0.8391068445311652,0.8611141840616862,0.859731744836878,0.8385837078094482,0.860422964449282,-0.1088177561759948,0.0280281268341819,-0.0001650704070925,0.03577255268377898,0.018884709883997118
r5_s72000_l2,5,72000,2,0.66755083872,1.0,13824,-0.0001272866361521,-0.0004202223208267,-0.045962056517601,0.0465068761259317,0.0359856277389421,1.000127286636152,13.22832881566137,17.18699070590514,0.2617920909714911,-0.0055700231481481,False,0.7998163170284696,0.7851884696218703,0.7792376942104763,0.7929579416910806,0.7925023933251699,0.7860978179507785,-0.0708624124526977,-0.0326060996017128,6.393413059413433e-05,0.004599415075481127,-0.000253135201791271
r5_s72000_l4,5,72000,4,0.418143959365,1.0,13824,-0.0001534068132897,3.084138188569341e-05,-0.0461284853518009,0.0456750180572271,0.035880377974165,1.0001534068132898,17.669892834706438,13.742080842041307,-0.251399502061994,-0.0270543981481481,False,0.7240708205435012,0.737617329314903,0.7584351963467068,0.7425995226259583,0.7308440749292021,0.7505173594863326,0.0773045718669891,0.0939878353759003,-0.000170961022377,-0.011360198441313325,0.012545302409515874
r5_s72000_l6,5,72000,6,0.295861376879,1.0,13824,0.0005516374899511,0.0007258096593432,-0.0456291027367115,0.0463585007935762,0.0360013112910243,0.9994483625100488,13.92546654327048,10.234463718788769,-0.3079584683130776,-0.0426070601851852,False,0.3031642966800266,0.3019549449284871,0.304299275080363,0.3055123576411493,0.30255962080425686,0.30490581636075614,0.055975504219532,0.0105214426913445,-0.0003231293521821,-0.0179704086467342,-0.004310319544886865
r5_s72000_l8,5,72000,8,0.441349574343,1.0,13824,0.0002946472414621,0.000160814699484,-0.0456244602799415,0.0472262948751449,0.0360256725890752,0.9997053527585378,20.27900577026109,21.405586351054133,0.0540657800172594,-0.0146846064814815,False,0.4778973526424832,0.4812389744652642,0.476203574074639,0.4732049482840081,0.47956816355387366,0.4747042611793235,0.0377883687615394,-0.0636215018113662,0.0001188428141176,-0.006958143059310607,-0.011613679760682599
r5_s72000_l10,5,72000,10,0.417777390647,1.0,13824,-0.0001645930659331,-0.0003836233372567,-0.0465215876698493,0.0461894568055868,0.0362617481797118,1.000164593065933,27.671616396142376,27.64041182854109,-0.0011283104927929,0.015552662037037,True,0.4103629721535577,0.4083072421727357,0.4008664025200736,0.4021171817073115,0.4093351071631467,0.40149179211369257,0.1284107640385627,0.016159163830677,-4.813401028513909e-05,0.027569513454981143,0.014414685228557565
r5_s143000_l1,5,143000,1,0.709756742507,1.0,13824,0.0003605193347701,0.0002380183141212,-0.0449407588690519,0.046064206957817,0.0357555535031108,0.99963948066523,5.540561167264564,8.047034026503011,0.3732077902662727,0.0003616898148147,True,0.899085309770372,0.8954945449475888,0.885656966103448,0.890961956094813,0.8972899273589805,0.8883094610991304,-0.1433388143777847,0.1734472820234811,-0.0003809983609244,0.019090711028061275,-0.0002613378521577408
r5_s143000_l2,5,143000,2,0.748037353707,1.0,13824,-0.0002652495221156,-0.0004556102503556,-0.046505207195878,0.0460900101810693,0.036050740347355,1.0002652495221156,7.624719803428484,9.79648607013816,0.2506281823784325,-0.0217737268518519,False,1.0421509676509433,1.0344151236392831,1.0174618032243514,1.0255920886993408,1.0382830456451133,1.0215269459618461,-0.1157107949256897,-0.2324716365520787,0.0002790821017697,0.005369765570054936,-0.0014331576521877248
r5_s143000_l4,5,143000,4,0.507947334397,1.0,13824,-0.0002368481272743,-0.0003508955414872,-0.0460055291652679,0.0458578739315271,0.0357887897738539,1.0002368481272743,10.338082754881018,8.721058917783752,-0.1700937655897038,-0.0344328703703703,False,1.0863103667895,1.100381663552037,1.1163584656185574,1.1071453006179244,1.0933460151707686,1.111751883118241,0.0933777987957,-0.1078837558236633,0.0001617153175175,-0.0038973572219690514,0.009222777681671616
r5_s143000_l5,5,143000,5,0.323725421879,1.0,13824,-0.0001248175950306,-7.664849908906035e-05,-0.0459893990308046,0.0460219286382198,0.0359225836548362,1.0001248175950306,7.610804623820716,5.7503699945734335,-0.2803046990966251,-0.033058449074074,False,0.4473706583182017,0.4546903349735118,0.464965502421061,0.4564867814381923,0.45103049664585676,0.4607261419296267,0.0209197998046875,0.0564887520710243,-0.000253090634942,-0.012596195699942497,-0.0026156657823637533
r5_s143000_l6,5,143000,6,0.315594803123,1.0,13824,-5.572600192460942e-05,0.0006306056166067,-0.0467863820493221,0.045730872452259,0.0362211054586137,1.0000557260019247,9.921633041463792,6.257060549083959,-0.4610070148789332,-0.0434027777777777,False,0.4099051654338836,0.4137583286673934,0.410546965069241,0.4045777232558638,0.4118317470506385,0.4075623441625524,-0.0418469458818435,0.0516067582259871,-0.0003227405250072,-0.02129964196362121,0.00902275625239344
r5_s143000_l8,5,143000,8,0.458203932499,1.0,13824,2.7296331013397466e-05,-0.0006591671844944,-0.0462486509233713,0.0477396104484796,0.0364969139137273,0.9999727036689866,14.629198351667988,11.284744616011505,-0.2595676390827343,-0.0050636574074074,False,0.5062560439109802,0.4921600597876089,0.4645285606384279,0.4743560508445457,0.49920805184929457,0.4694423057414868,0.0476674661040306,0.2020841719655071,-0.0002585272304713,0.002160587822671008,0.014160601331494887
r5_s143000_l9,5,143000,9,0.477344238099,1.0,13824,0.0003161360954608,-9.770570977707392e-05,-0.045537469163537,0.0467300914227962,0.0360872586449291,0.9996838639045392,15.023682795361513,13.090169744255642,-0.1377662617348984,-0.0026765046296295,False,0.4552549189991421,0.4700069725513458,0.469718747668796,0.4556427796681728,0.462630945775244,0.46268076366848443,0.0771344453096389,0.2365161049876644,-0.0002552674850448,0.00017784067562309162,-0.001033541176622267
r5_s143000_l10,5,143000,10,0.710123311225,1.0,13824,-0.0001877661713666,-0.0002245730211143,-0.0466511763632297,0.0455086387693882,0.0361640076580848,1.0001877661713667,19.1370578373058,22.456984329899704,0.1599750156138364,0.0304542824074073,True,0.8987416625022888,0.9134297260531672,0.9176686339908176,0.9031211093620016,0.906085694277728,0.9103948716764096,0.3264804556965828,0.2806653486560133,-6.977235898375511e-05,0.037829896390779646,-0.0002260235924847684
r6_s14000_l1,6,14000,1,0.620363203761,1.0,13824,-0.0001644929568099,-7.469293996109627e-05,-0.0469016972929239,0.0465098589658737,0.0362060888571152,1.00016449295681,12.911938817033338,18.767049970657187,0.3739502979345356,-0.0122251157407407,False,0.5865197479724884,0.5767551726765103,0.6223341888851589,0.6333121900205261,0.5816374603244994,0.6278231894528425,-0.1799010038375854,0.0215819588494913,-8.06113239377737e-05,-0.008615198746106868,-0.0025668203343163047
r6_s14000_l2,6,14000,2,0.564408561834,1.0,13824,-0.0005202515460701,-0.0008710147812962,-0.0468483988195657,0.0460448555648327,0.0360042638403325,1.00052025154607,14.427362935410606,19.775967151961392,0.3153408129423156,-0.0125868055555555,False,0.4509906868139903,0.4407405224111345,0.4819903373718264,0.4932852409504078,0.4458656046125624,0.4876377891611171,-0.1357267946004867,-0.0129340887391461,7.586064748466015e-05,-0.01632293212566904,-0.010826126319112356
r6_s14000_l3,6,14000,3,0.574911663169,1.0,13824,0.000323281246561,0.0004605277499649,-0.0466106180101633,0.0465072933584451,0.0362648756803981,0.9996767187534388,16.102268242380685,21.90345400992643,0.307684195047591,-0.0050636574074073,False,0.4482773906654782,0.4417755073971218,0.4883725378248427,0.4953566480565956,0.4450264490313,0.49186459294071916,-0.0893458127975463,0.0094658931405426,0.0001280726864933,-0.012819630415129778,-0.008096018610251518
r6_s14000_l4,6,14000,4,0.701033003106,1.0,13824,0.0002184620383741,1.9331637304276228e-05,-0.0458926208317279,0.0469785466790199,0.0359740168497351,0.9997815379616258,23.089392801539766,30.37999986388065,0.2744111666980635,-0.0384837962962962,False,1.044528702894847,1.004846160058622,1.0565301047431097,1.0944558426185886,1.0246874314767345,1.0754929736808492,0.1056507229804992,0.0826515275186572,-0.0001623660791665,-0.013141938137418027,-0.016497007123465898
r6_s14000_l5,6,14000,5,0.336881039375,1.0,13824,-0.0002121930471499,-0.0001585419740877,-0.047032506763935,0.0461113419383764,0.0363224669094815,1.00021219304715,16.544356979015802,15.600071925876868,-0.0587695507669604,-0.0129484953703704,False,0.2650355199972788,0.2622267802556355,0.2909433576795791,0.2939714502405235,0.26363115012645716,0.29245740396005127,0.0669648721814155,0.143291043492239,-0.0005055326037108,0.008661949889434166,0.012907957578371236
r6_s14000_l8,6,14000,8,0.403068963143,1.0,13824,0.0002200827165327,2.1562949825693067e-06,-0.0457351241260766,0.0465956691652536,0.0360438189530898,0.9997799172834672,22.65305180164675,24.01180976787927,0.0582512027487142,-0.0266927083333333,False,0.2307179205947452,0.2415045781268013,0.271018319659763,0.2576348869888867,0.23611124936077324,0.26432660332432484,0.0320699401199817,0.0707775836523437,-0.0005972748622298,0.007083293927725026,-0.0012597395573941753
r6_s14000_l9,6,14000,9,0.37324227185,1.0,13824,3.353425725757705e-05,0.000475178239867,-0.0468725990504026,0.0466242652386426,0.0363998199442812,0.9999664657427424,24.82656844953696,25.66767424876216,0.0333180006817093,-0.029224537037037,False,0.2134044021368026,0.2107770547822669,0.2137982315487331,0.215948590525874,0.21209072845953475,0.21487341103730356,-0.0576959531754255,-0.0139293281473982,-0.0002469622995704,-0.012741187489855671,-0.004096982742975205
r6_s72000_l1,6,72000,1,0.642016008731,1.0,13824,-0.0004202062028785,2.032670727203368e-05,-0.0472722105681896,0.0456283040344715,0.0362889330570179,1.0004202062028786,9.818598822794026,14.2468634472677,0.3722583474075621,0.013671875,True,0.7643024126688639,0.7706566629586397,0.7929642995198569,0.7862598101298008,0.7674795378137518,0.7896120548248289,-0.1314243376255035,0.0271672414958133,-4.780245944857597e-05,0.02025504759498041,0.010346022633299791
r6_s72000_l2,6,72000,2,0.589986659391,1.0,13824,-0.0008304335078927,-0.000816714920802,-0.0469974540174007,0.0451840925961732,0.0359286179852369,1.0008304335078928,11.655944186262786,15.613803236503845,0.2923390654144772,0.0094039351851852,True,0.5691659980350071,0.5700084368387858,0.5819150341881646,0.5801390541924372,0.5695872174368964,0.5810270441903009,-0.115318164229393,-0.0064106951895129,5.866633728146553e-06,0.012662500931028437,0.0027038119116332034
r6_s72000_l3,6,72000,3,0.648777101839,1.0,13824,0.0001133105538368,7.72392304497771e-05,-0.0458543825894594,0.0467020280659198,0.0360931962273209,0.9998866894461632,13.05491897587975,17.68919849464739,0.3037892029940923,-0.0141059027777777,False,0.6611291766166687,0.6451545777144255,0.652304967244466,0.6669001579284668,0.6531418771655471,0.6596025625864663,-0.1318709850311279,-0.0471786399863005,0.0001112413592636,-0.011721970362834188,-0.01630132292587666
r6_s72000_l4,6,72000,4,0.729123600034,1.0,13824,0.0003027288970424,0.0001657792599871,-0.0454182166606187,0.0469480842351913,0.0360197250422395,0.9996972711029576,18.580791699596578,22.05298372661625,0.1713195663483687,-0.0598958333333333,False,1.7777680026160347,1.724853060863636,1.7505127059088814,1.7968071301778157,1.7513105317398354,1.7736599180433485,0.0859266221523284,0.028106525558841,9.01021994650364e-05,-0.0293145995367042,-0.013925458117805711
r6_s72000_l5,6,72000,5,0.285218258752,1.0,13824,0.0003419202710186,0.0001033877306326,-0.0462708409875631,0.0472277320921421,0.0362489099201601,0.9996580797289814,12.313417809291018,9.14779288004394,-0.2971769117120075,-0.0314670138888888,False,0.325030956003401,0.3205744160546196,0.3253116342756481,0.3282993722845004,0.3228026860290103,0.32680550328007424,0.0753214433789253,0.0885964382780907,-0.0005363600794225,-0.0005483448328832685,0.007629421523404706
r6_s72000_l6,6,72000,6,0.22985673747,1.0,13824,0.0002193351604992,0.0004443986981641,-0.046332748606801,0.0460546810179949,0.0357910638466727,0.9997806648395008,11.441098197777238,7.5516615032597825,-0.4154443719467568,-0.0439091435185185,False,0.2237263073523839,0.2187657372819053,0.2139054139455158,0.2182960157041193,0.2212460223171446,0.21610071482481755,0.000893972814083,0.0199025662698236,-0.0005749235861003,-0.008121268118002518,0.012316410279461044
r6_s72000_l9,6,72000,9,0.391422888087,1.0,13824,7.305764587433892e-05,-0.0001160807987616,-0.0467870954424142,0.0469834867864847,0.0365393217222428,0.9999269423541256,23.81527641105156,22.51300868102246,-0.0562339350409247,-0.0215567129629629,False,0.3710829549365573,0.3817732830842336,0.3837833934360081,0.3731846367871316,0.3764281190103954,0.3784840151115698,-0.0162431113421916,-0.0607546757196184,2.150190994143486e-06,-0.011572103282767223,-0.006159923897687689
r6_s143000_l1,6,143000,1,0.664078649987,1.0,13824,-0.0004231418768572,-0.0003578568866942,-0.0468118079006671,0.0459774877876043,0.0361139055148141,1.0004231418768572,5.444506925272031,7.411547063849866,0.3084320012839803,0.0089699074074073,True,0.7476856973436145,0.7515565046557674,0.7725881205664741,0.7708712418874106,0.7496211009996909,0.7717296812269423,-0.1308774650096893,0.1241278187726204,-0.0002547043841332,0.021518676859184974,0.003631820983630357
r6_s143000_l2,6,143000,2,0.664078649987,1.0,13824,-0.0007480111078748,-0.0007159936649259,-0.0466106060892343,0.0450131427496671,0.0358106403081657,1.0007480111078748,7.041958355913973,9.167468251660466,0.2637748507746895,0.001880787037037,True,0.6894046068191528,0.6883934118129589,0.700036923090617,0.7020932833353677,0.6888990093160559,0.7010651032129924,-0.1002152115106582,-0.0922355894147627,8.642848115414381e-05,0.01727370192889773,-0.0014068953586896667
r6_s143000_l3,6,143000,3,0.726977669381,1.0,13824,-3.694985400010325e-05,-0.0001037662623275,-0.0467187330126762,0.0458579160273075,0.0359775945454699,1.000036949854,7.840251289825472,10.381669017900196,0.2807707703950524,0.0035445601851851,True,0.8249830868509079,0.807746152083079,0.8161831167009143,0.8302465633109768,0.8163646194669935,0.8232148400059456,-0.1244936287403106,-0.3527367848287074,0.0005118389381095,0.023172375213396164,0.010806162204594323
r6_s143000_l4,6,143000,4,0.75,1.0,13824,5.018567906568528e-05,-0.0001755457778926,-0.0463575527071952,0.0463841829448938,0.0361041955839788,0.9999498143209344,10.911741729618775,11.77566319966206,0.0761955286576897,-0.0481047453703703,False,1.9717504978179927,1.9122466731954504,1.937442382176717,2.0052518932907666,1.9419985855067217,1.971347137733742,0.05419921875,0.2989047219079225,-0.0001731808297336,-0.024681918112103768,-0.00026608033792734076
r6_s143000_l5,6,143000,5,0.416817701285,1.0,13824,0.0002787593108219,0.0004237421380821,-0.045526897534728,0.046071470156312,0.0359770189206819,0.999721240689178,8.514650588544706,7.542044952373813,-0.1212949193663267,-0.0313946759259259,False,0.701086355580224,0.6961794561809964,0.7230224344465467,0.7276174757215714,0.6986329058806102,0.725319955084059,0.1859447211027145,0.202748614886183,-0.0006498072762042,0.01119425543946441,-0.009109429058174495
r6_s143000_l8,6,143000,8,0.38447851062,1.0,13824,-0.0004535652083244,-0.0004988662549294,-0.0470691390335559,0.0458283871412277,0.0363320225455968,1.0004535652083244,14.783417884053456,9.74447836999402,-0.4168053358351221,-0.0333478009259259,False,0.4219082163439856,0.4344291488329569,0.4686655733320448,0.4505527549319796,0.4281686825884713,0.4596091641320122,0.0773654542863369,0.2026815803508861,-0.0001832724083214,-0.03280276674310785,-0.009327294824085411
r6_s143000_l9,6,143000,9,0.437510816892,1.0,13824,6.1005863313923214e-05,-0.0004395185969769,-0.0455987520515918,0.0459003303200006,0.0362049875312814,0.999938994136686,16.41673108521435,11.62870656033219,-0.3448242583616879,-0.0298755787037037,False,0.420853704214096,0.4384365192166081,0.4493070708380806,0.4370199839274087,0.429645111715352,0.44316352738274467,0.1086968369781971,0.4018461308094557,-0.0003653892781585,-0.038547092531908654,-0.02141324364851076
r8_s14000_l1,8,14000,1,0.519550141886,1.0,13824,-0.0002466484206863,-0.0002045467699645,-0.0461287640035152,0.046070460230112,0.0359084703006562,1.0002466484206864,12.626446430674855,15.953854378588774,0.2339069165020381,-0.0008680555555555,False,0.4072243273258209,0.392420126332177,0.3917307323879663,0.4037945447144686,0.39982222682899893,0.3977626385512174,-0.1331957206130027,-0.0317319746365942,0.0001029132399708,-0.004197978906327424,0.007292315664627447
r8_s14000_l2,8,14000,2,0.571806043153,1.0,13824,-0.0003738169550608,-0.0004743647878058,-0.0464329443871974,0.046212251111865,0.0362092905910196,1.000373816955061,14.529733845136231,19.780894927818466,0.3085194094417623,-0.0137442129629629,False,0.5077182418770261,0.4946838076467867,0.5116835700141059,0.5237517180266202,0.5012010247619064,0.517717644020363,-0.0942074060440063,0.0109050780785411,-0.0001184376887977,-0.003725713228910193,-0.005021455614967038
r8_s14000_l4,8,14000,4,0.725651411301,1.0,13824,0.0001202015392646,0.00026355573209,-0.0465108156204223,0.0463264692574739,0.0360564061155596,0.9998797984607354,23.57582139637735,32.352348675882375,0.3164649505955279,-0.0251736111111111,False,1.222296569082472,1.1892908657038654,1.2176927460564504,1.2495548813431352,1.2057937173931688,1.2336238136997928,0.0999072194099426,0.1269060464827694,-0.0001981209497898,0.0019126304952611188,0.00043478695462177003
r8_s14000_l6,8,14000,6,0.305544805642,1.0,13824,-0.0003218101558399,-0.0005460097745526,-0.0462857536971569,0.0461665254086256,0.0361564990440545,1.00032181015584,15.377672700004446,14.991765625912834,-0.0254155406348343,-0.017433449074074,False,0.186862803167767,0.1948929169663676,0.2131069236331518,0.2036598964973732,0.1908778600670673,0.2083834100652625,0.1128352284431457,0.1397466959862577,-0.0006467222701758,0.014485565109083484,0.004557333787633278
r8_s14000_l9,8,14000,9,0.357207586265,1.0,13824,0.0003416718237987,0.0004850940895266,-0.0456341575831174,0.0461937855929136,0.0358800807741379,0.9996583281762011,22.509500003109377,24.652704291459585,0.0909491595755351,-0.027199074074074,False,0.2055832776758406,0.1974307828479343,0.1886838012271456,0.1956568823920355,0.20150703026188743,0.19217034180959053,-0.0305639902944676,0.0328342348903912,-0.0004335443954914,-0.0026236101667905243,-0.005383431300368863
r8_s72000_l1,8,72000,1,0.634845079338,1.0,13824,-3.759174037310787e-05,-0.000412407258409,-0.0455075498670339,0.0469080381095409,0.0360203852037599,1.0000375917403732,10.477474656473431,14.591340625865593,0.3312005629771339,0.0020978009259259,True,0.741052296426561,0.7414200990288345,0.7441590627034506,0.7436745431688099,0.7412361977276978,0.7439168029361303,-0.11641326546669,0.1187940135977416,-0.000232086982578,0.010673380098182486,0.0013003935219688865
r8_s72000_l2,8,72000,2,0.625388202502,1.0,13824,-0.0002948313974956,-0.0004517273773672,-0.0467233054339885,0.0458602894097566,0.0359979512579572,1.0002948313974958,12.04255845832328,16.43464494248231,0.3109446892947665,-0.0062934027777777,False,0.6622003846698337,0.6389913294050429,0.6189210679796009,0.6442898997554076,0.6505958570374383,0.6316054838675043,-0.0892786085605621,-0.0718183113366462,0.0001027879770845,0.0019533151965472496,-0.010005973376047916
r8_s72000_l4,8,72000,4,0.64219929309,1.0,13824,-5.5368380317680725e-05,0.0001703052839729,-0.0455069351941347,0.0460879310965538,0.0361090146772305,1.0000553683803175,18.93889813663231,20.56352312490344,0.0823008745805228,-0.0511429398148148,False,1.43933990266588,1.4134721093707614,1.4285152753194172,1.4516143798828125,1.4264060060183206,1.4400648276011148,0.1960700154304504,-0.070181299298653,0.0003067550715059,-0.025818275804947007,-0.021186503655237013
r8_s72000_l5,8,72000,5,0.300293254974,1.0,13824,-0.0005699470275542,-0.0009917953866533,-0.0462636958807706,0.0453310336917638,0.036041203018934,1.0005699470275542,12.612575678051346,9.93990365995301,-0.2381370574397877,-0.0261140046296296,False,0.297220915555954,0.3073417025583762,0.319316969977485,0.3068473250777632,0.3022813090571651,0.3130821475276241,0.0254722312092781,0.0545755381280236,-0.0004191517364233,-0.0018679929850297303,0.006317623442408889
r8_s72000_l7,8,72000,7,0.358167275628,1.0,13824,0.0001289823313202,0.0001253047448699,-0.0463617753237485,0.0468107983469963,0.0360496891204156,0.9998710176686796,15.809496342721912,13.805549713334551,-0.1355401293721619,-0.0452112268518518,False,0.3421697583463457,0.3485967991528688,0.3360793325636123,0.3310862205646652,0.3453832787496073,0.3335827765641387,0.0509905368089675,0.0550068171876506,-0.0003875514958053,-0.020398166542591162,-0.021703705595543788
r8_s72000_l9,8,72000,9,0.35661446562,1.0,13824,9.959660688394245e-05,1.5558266113657737e-05,-0.0457409061491489,0.0457815803587436,0.036146623275157,0.999900403393116,25.069939266062445,21.066974526685144,-0.1739628636065771,-0.01171875,False,0.3047810594240824,0.3100493119822608,0.299455377790663,0.2949170448161942,0.3074151857031716,0.2971862113034286,0.0142939388751983,0.0743551064410626,-0.0002244429197162,-0.002451025234629558,0.007979912428926605
r8_s143000_l1,8,143000,1,0.62324227185,1.0,13824,7.060875117573457e-05,-0.0002225863863714,-0.0459158707410097,0.0469351336359977,0.0361449017231569,0.9999293912488244,5.431120710757871,6.910734301777901,0.24093039361711,0.0004340277777777,True,0.6980229881074694,0.694583899445004,0.6730988290574818,0.6758358743455677,0.6963034437762368,0.6744673517015247,-0.1517311185598373,0.1478298284207759,-0.0003097534645348,0.012617448141009333,0.0015722803446199599
r8_s143000_l2,8,143000,2,0.688243954328,1.0,13824,-0.0003099019402752,-0.0003286342689534,-0.0462828762829303,0.0462081901729107,0.0360468436573279,1.0003099019402752,6.591824298414092,8.853393297401015,0.2949706704750453,-0.0081741898148147,False,0.7849934034877353,0.771021341836011,0.7439439031812881,0.7526284677010997,0.7780073726618731,0.748286185441194,-0.1333550363779068,-0.0717557140541811,4.7948211431503296e-05,0.008887348715991918,-0.006798926183533012
r8_s143000_l4,8,143000,4,0.649003653765,1.0,13824,-6.075859567621746e-06,-0.0001301728698308,-0.0461015935987234,0.0461271688342094,0.0361370582738242,1.0000060758595677,11.179739796556532,10.627357672761988,-0.0506716046375477,-0.0786313657407408,False,1.8047940333684285,1.758280016757824,1.764314068688287,1.8166594152097344,1.7815370250631264,1.7904867419490107,0.222546637058258,0.1943204792233649,-0.0002396218478679,-0.034368193674590486,-0.026908986846241975
r8_s143000_l5,8,143000,5,0.322765732516,1.0,13824,-0.0006929620483375,-0.0005862186080776,-0.047432417422533,0.0454064581543207,0.035895001367296,1.0006929620483376,7.327096578044196,5.569116954226047,-0.2743428308825156,-0.0219907407407407,False,0.4476235144668155,0.4543072912428114,0.4831451045142279,0.4752068961108167,0.45096540285481346,0.4791760003125223,0.0085562244057655,0.0306833585173811,-0.0003060405142605,0.00394690565225312,0.011609977173863015
r8_s143000_l6,8,143000,6,0.326237921249,1.0,13824,-0.000147269388922,-0.0002731685817707,-0.0465224605053663,0.0457876734435558,0.0365214329264087,1.000147269388922,8.63447681752344,6.196753289015895,-0.3317376293431513,-0.0285011574074073,False,0.4478689365916782,0.4654877561110037,0.4873672591315377,0.4709335521415427,0.45667834635134097,0.4791504056365402,0.1138689890503883,0.0798818494603257,-0.0002833730541169,-0.0046477024398054075,0.00039466728600281997
r8_s143000_l7,8,143000,7,0.353508845605,1.0,13824,-6.042007223095714e-05,0.0002479998365743,-0.0464769966900348,0.0453651901334524,0.0358219936417726,1.000060420072231,9.20454670312918,7.462753381580114,-0.2097731367139889,-0.0517216435185184,False,0.457618130577935,0.4665779184412073,0.4715980688730878,0.4647345807817249,0.46209802450957116,0.4681663248274064,-0.0681728757917881,-0.07987125520038,-7.859617471694946e-05,-0.0306779016671279,-0.018015045910494763
r8_s143000_l9,8,143000,9,0.42124957938,1.0,13824,-0.0001047677678881,-3.6715122405439615e-05,-0.0465354017913341,0.0459024395793676,0.0362488077098109,1.000104767767888,14.483061575537754,11.434313868448417,-0.2363609764678,-0.0180844907407407,False,0.4151734941535526,0.4211829746211016,0.4186571968926325,0.4143716759151878,0.4181782343873271,0.41651443640391017,0.0645378977060318,0.2491355326774476,-0.0004225968150421,-0.007303976287309669,-0.003839167931903687
r8_s143000_l10,8,143000,10,0.674721768113,1.0,13824,0.0003682076270304,0.0007103042444214,-0.045653548836708,0.0460676118731498,0.0359029005105386,0.9996317923729696,23.471153136963647,20.71205302817678,-0.1250563383267725,0.0355902777777777,True,0.9103376732932196,0.9206218498724478,0.9312289555867512,0.9190808402167424,0.9154797615828336,0.9251548979017468,0.3102066554129123,0.2620981525841935,2.634013071656227e-06,0.039720610517183765,0.032055347837832815
