target_id,run_id,step,progress,layer,target_kl,target_nll_damage,selected_beta,match_class,absolute_kl_error,relative_kl_error,absolute_nll_error,relative_nll_error,achieved_kl,achieved_nll_damage,activation_relative_magnitude,activation_absolute_rms,objective,boundary_selected,trial_count,verification_kl_difference,verification_nll_difference
r2_s14000_l1,2,14000,0.0979020979020979,1,0.5876143508487278,0.6313015884823269,0.610086654353,A,0.005953978609155808,0.010132459495834259,0.007186801345259952,0.011384101476009134,0.581660372239572,0.6384883898275868,0.6100867832148517,0.6680989199214511,0.02322645018515552,False,21,0.0,0.0
r2_s14000_l2,2,14000,0.0979020979020979,2,0.6941122081544665,0.7525731987423366,0.667777390647,A,0.0019050063910306392,0.0027445222381162295,0.002632300059000392,0.003497732929362705,0.6960172145454971,0.7499408986833362,0.6677773859765794,0.8201675415039062,0.0019766537960716943,False,21,0.0,0.0
r2_s14000_l3,2,14000,0.0979020979020979,3,0.7652236223220825,0.7743501398298474,0.569293543783,A,0.018679744667477127,0.024410831190454826,0.017611856813783966,0.02274404808350804,0.7465438776546054,0.7919619966436313,0.5692934967853405,0.8291538136976736,0.11131804026367012,False,21,0.0,0.0
r2_s14000_l4,2,14000,0.0979020979020979,4,0.262666051586469,0.29923613866170246,0.367257583746,A,0.0104497654570474,0.03978346418919531,0.013083016430889771,0.0437213783380519,0.2731158170435164,0.2861531222308127,0.3672577683572416,0.5544734707585087,0.34942829466968856,False,21,0.0,0.0
r2_s14000_l5,2,14000,0.0979020979020979,5,0.3018526766035292,0.3676611582438154,0.4390636269,B,0.022580145685761055,0.07480518622448501,0.02956059243943976,0.08040172799476462,0.32443282228929027,0.33810056580437564,0.4390638525839205,0.7019227743148804,1.2060253750696237,False,21,0.0,0.0
r2_s14000_l6,2,14000,0.0979020979020979,6,0.1849737829632229,0.2089083989461266,0.327424162539,A,0.001424770112390894,0.007702551624121074,0.0016254848904081742,0.007780849877747492,0.1863985530756138,0.20728291405571841,0.3274243727878288,0.5557078763290688,0.011987092634351442,False,21,0.0,0.0
r2_s14000_l7,2,14000,0.0979020979020979,7,0.25317857828405166,0.23603468471103253,0.37826727059,B,0.020701503864041043,0.08176641169354144,0.015936304021764464,0.06751678907363594,0.23247707442001062,0.251970988732797,0.3782673754073955,0.7301998182579323,1.1244262888142993,False,21,0.0,0.0
r2_s14000_l8,2,14000,0.0979020979020979,8,0.24400135709179774,0.33424403932359475,0.419103648728,C,0.025634353359540313,0.10505824092523856,0.045431075272736876,0.1359218712307906,0.26963571045133805,0.2888129640508579,0.41910360919104683,0.9027595078503644,2.95119890653861,False,21,0.0,0.0
r2_s14000_l9,2,14000,0.0979020979020979,9,0.21019462082121107,0.2148643864525687,0.370729772479,A,0.00037584095089523983,0.0017880616993197814,7.255872090597415e-05,0.00033769542781653014,0.2105704617721063,0.21479182773166272,0.3707297698215202,0.9034723595336631,0.00033112028425740165,False,21,0.0,0.0
r2_s14000_l10,2,14000,0.0979020979020979,10,0.2904930694235696,0.32094449467129166,0.467887361263,A,0.008793564306365076,0.030271167307998177,0.010356532202826785,0.032268919937080025,0.2992866337299347,0.3105879624684649,0.46788745235513757,1.35675369810175,0.19576267641072956,False,21,0.0,0.0
r2_s72000_l1,2,72000,0.5034965034965035,1,0.9493300782309637,0.9494883219401044,0.708203932499,A,0.019391410880618576,0.020426415769669092,0.018659167819553013,0.01965181391742322,0.9299386673503451,0.9681474897596574,0.7082039537253203,0.5608290875399554,0.08034322514421074,False,21,0.0,0.0
r2_s72000_l2,2,72000,0.5034965034965035,2,0.92882463004854,0.9390635490417482,0.699480193099,A,0.015451230384685433,0.01663525049272361,0.015084814142297787,0.016063677647455032,0.9133733996638546,0.954148363184046,0.6994801406507138,0.6275272545991121,0.05347732985181528,False,21,0.0,0.0
r2_s72000_l3,2,72000,0.5034965034965035,3,0.8842032485538058,0.8943626085917153,0.44408862564,A,0.012706200281778934,0.014370225740005706,0.01330193766841159,0.014873092346002998,0.8714970482720269,0.9076645462601269,0.44408859919618676,0.484436508682039,0.04277122637524172,False,21,0.0,0.0
r2_s72000_l4,2,72000,0.5034965034965035,4,0.3037220537662506,0.3406482802497017,0.271469520611,B,0.016215846494392117,0.05339041499705749,0.017228506229541807,0.050575644230061605,0.3199379002606427,0.32341977402015987,0.27146957759503965,0.2963550863442598,0.5408432202877571,False,21,0.0,0.0
r2_s72000_l5,2,72000,0.5034965034965035,5,0.3947205775313907,0.46446243921915703,0.344645089413,B,0.030431922939088585,0.07709738146750494,0.037855775267990055,0.08150449222880275,0.4251525004704793,0.426606663951167,0.34464501230805006,0.3961713060184761,1.2586988482679657,False,21,0.0,0.0
r2_s72000_l6,2,72000,0.5034965034965035,6,0.2554864916536543,0.2966276009877524,0.273982019981,B,0.015385499155079918,0.060220401694962324,0.01848768304895465,0.0623262399969842,0.2708719908087342,0.2781399179387978,0.27398208114835954,0.3302305451145879,0.7511056972518872,False,21,0.0,0.0
r2_s72000_l7,2,72000,0.5034965034965035,7,0.3825724124908447,0.3660224808586971,0.341906038116,A,0.009326019772776861,0.02437713611400473,0.007903399290861757,0.021592660845035007,0.37324639271806787,0.37392588014955885,0.3419060497372239,0.4628017754466445,0.10604877674950755,False,21,0.0,0.0
r2_s72000_l8,2,72000,0.5034965034965035,8,0.371453324953715,0.5048611164093016,0.378860391235,C,0.04959116600177904,0.1335057803233417,0.08039185735914456,0.15923558924631054,0.42104449095549407,0.4244692590501571,0.3788605001237657,0.6111141708162096,4.31797662625605,False,21,0.0,0.0
r2_s72000_l9,2,72000,0.5034965034965035,9,0.3535401688681708,0.3771826161278618,0.37324227185,A,0.011662516329023598,0.03298781116252555,0.01296833709434192,0.03438211767933488,0.3652026851971944,0.3642142790335199,0.3732422336384102,0.7235322793324789,0.2270325701422501,False,21,0.0,0.0
r2_s72000_l10,2,72000,0.5034965034965035,10,0.5688886642456055,0.5656325022379556,0.52014326253,A,0.003988382992921036,0.007010832248174533,0.004603845101815551,0.008139286698681653,0.5649002812526844,0.5702363473397711,0.5201431159619931,1.2202291091283162,0.01153997567757871,False,21,0.0,0.0
r2_s143000_l1,2,143000,1.0,1,1.0257128013504875,1.0317671828799777,0.734741719419,A,0.004545688629150169,0.004431736274677212,0.004178223786531099,0.004049580036907502,1.0211671127213373,1.0359454066665088,0.7347417694550974,0.2938111192650265,0.0036039384883679703,False,21,0.0,0.0
r2_s143000_l2,2,143000,1.0,2,1.2016478247112696,1.209634330537584,0.75,A,0.00231602898350447,0.0019273775026880566,0.004703821959319177,0.0038886313330945407,1.1993317957277652,1.2143381524969032,0.7499998322239628,0.3448107827592779,0.001883623768262386,False,21,0.0,0.0
r2_s143000_l3,2,143000,1.0,3,1.250755018658108,1.227257172266642,0.48739423558,A,0.028612441486782325,0.02287613566200738,0.02454439798990915,0.019999392584162032,1.2221425771713257,1.2518015702565513,0.48739418718549943,0.27847278118133545,0.09232932865634896,False,21,0.0,0.0
r2_s143000_l4,2,143000,1.0,4,0.39459201362397933,0.4097302754720051,0.28795731005,A,0.015627579556571125,0.03960439901711643,0.015217401363231076,0.03714004620640651,0.41021959318055046,0.394512874108774,0.28795741664038765,0.16681540785012422,0.2947891453735666,False,21,0.0,0.0
r2_s143000_l5,2,143000,1.0,5,0.5600684947437711,0.6294175518883601,0.388543819998,B,0.03836231099234677,0.06849574891697643,0.040881563116002995,0.06495141896390778,0.5984308057361178,0.5885359887723571,0.3885438387040739,0.2402124923688394,0.8910354445152714,False,21,0.0,0.0
r2_s143000_l6,2,143000,1.0,6,0.3667832811673482,0.39757010671827525,0.324685111242,A,0.017425740206683138,0.047509636074946876,0.01908275816175714,0.047998473323930015,0.38420902137403135,0.3784873485565181,0.3246852225727505,0.2112904566305655,0.4561018961425812,False,21,0.0,0.0
r2_s143000_l7,2,143000,1.0,7,0.6537510553995768,0.5878107017940946,0.452812365041,B,0.038563377327389126,0.058987862442164564,0.022694799635145202,0.03860902764416903,0.6151876780721877,0.6105055014292398,0.4528125027815501,0.36099597811698914,0.4970224931139653,False,21,0.0,0.0
r2_s143000_l8,2,143000,1.0,8,0.39108974072668284,0.48765325546264665,0.387217561918,C,0.04006020228068036,0.10243225047566364,0.05753686692979593,0.11798725074662228,0.4311499430073632,0.4301163885328507,0.3872175426394851,0.35816209404556837,2.4413357276366154,False,21,0.0,0.0
r2_s143000_l9,2,143000,1.0,9,0.36895714203516644,0.36736673778957796,0.365704773739,A,0.0005036868430950414,0.0013651635534559414,0.00027230933860522555,0.0007412465816664625,0.3684534551920714,0.3676390471281832,0.3657046655813853,0.38478541043069625,0.00024131180225297615,False,21,0.0,0.0
r2_s143000_l10,2,143000,1.0,10,1.0224928392304313,1.0224942366282146,0.73488173621,A,0.002077228493160499,0.0020315335359432658,0.0017181855660897138,0.0016803865533305462,1.0204156107372708,1.0242124221943043,0.7348818492006373,0.8059203757180108,0.0006950827476289857,False,21,0.0,0.0
r3_s14000_l1,3,14000,0.0979020979020979,1,0.6331983407338461,0.718385034137302,0.649370222483,A,0.005323814021216511,0.008407814232485293,0.00632939515290476,0.00881058882371739,0.6385221547550626,0.7120556389843973,0.6493700014220344,0.6990212930573357,0.014831781558903544,False,21,0.0,0.0
r3_s14000_l2,3,14000,0.0979020979020979,2,0.5016940666569604,0.5203430122799345,0.592865727479,A,0.02339376564379092,0.046629544175454785,0.021743633128978757,0.04178711468357207,0.47830030101316945,0.5420866454089133,0.5928656878294768,0.7102371608769452,0.3920477343604072,False,21,0.0,0.0
r3_s14000_l3,3,14000,0.0979020979020979,3,1.1653783188925848,1.2564765877193873,0.723505480648,A,0.005950424406263366,0.0051060023254188595,0.006206194559733147,0.0049393634711435265,1.1594278944863214,1.2626827822791205,0.7235055455455074,1.034763358257435,0.005046857124733342,False,21,0.0,0.0
r3_s14000_l4,3,14000,0.0979020979020979,4,0.4211405383216011,0.4601081477271185,0.46204268995,A,0.0028961974161643145,0.006877033086626717,0.003244470666956545,0.007051539258708646,0.4182443409054368,0.46335261839407504,0.4620427136067991,0.6944554977946811,0.00970177899921086,False,21,0.0,0.0
r3_s14000_l5,3,14000,0.0979020979020979,5,0.2574349194765091,0.30399261580573206,0.390096630006,A,0.007994762725300253,0.031055471190646767,0.009498472566958072,0.031245734511514817,0.26542968220180935,0.294494143238774,0.3900966986461922,0.6256101043136032,0.19407382160510747,False,21,0.0,0.0
r3_s14000_l6,3,14000,0.0979020979020979,6,0.2951902614699469,0.40075892872280566,0.449480193099,C,0.027562106097186123,0.09337064833996507,0.04830461961251736,0.1205328594083748,0.32275236756713305,0.3524543091102883,0.449480171556826,0.8013290762901306,2.3246248168716033,False,21,0.0,0.0
r3_s14000_l7,3,14000,0.0979020979020979,7,0.19824758337603673,0.2768083678351507,0.388543819998,C,0.025413995539700557,0.12819321732344652,0.04323970829999002,0.15620809673493904,0.2236615789157373,0.2335686595351607,0.3885438519495505,0.7534699417926647,4.083447045363055,False,21,0.0,0.0
r3_s14000_l8,3,14000,0.0979020979020979,8,0.19522787464989555,0.2021975252363418,0.355654776257,A,0.0030769065574363375,0.01576059035083197,0.0027758368739375927,0.01372834247441596,0.1921509680924592,0.2049733621102794,0.3556548202479327,0.7882015550578082,0.04368635953059999,False,21,0.0,0.0
r3_s14000_l9,3,14000,0.0979020979020979,9,0.20994527803526983,0.2110987769232855,0.371322893124,A,0.003634809895798008,0.01731313002033827,0.003919901671233461,0.018569040182735908,0.20631046813947182,0.21501867859451895,0.3713229883600164,0.9027952529765941,0.06445537244153211,False,21,0.0,0.0
r3_s14000_l10,3,14000,0.0979020979020979,10,0.2584894531302982,0.29543153444925974,0.443722056922,A,0.0075988112776367855,0.02939698771298423,0.008943787327519104,0.030273637999280414,0.266088264407935,0.28648774712174063,0.4437221089998881,1.2327134565070823,0.17806760443217112,False,21,0.0,0.0
r3_s72000_l1,3,72000,0.5034965034965035,1,0.8216641214158799,0.8519875208536782,0.657500841239,A,0.0018917587068346675,0.002302350385669163,0.0014251779626914818,0.0016727685885138351,0.8235558801227145,0.8505623428909868,0.6575007725644995,0.5220657697430363,0.0008098972049128985,False,21,0.0,0.0
r3_s72000_l2,3,72000,0.5034965034965035,2,0.8010647826724583,0.798615190717909,0.68417864495,A,0.011284516917334675,0.01408689679213452,0.008354275314895854,0.010460952173192926,0.7897802657551236,0.8069694660328048,0.6841787298520406,0.6024021263475772,0.03078721816028491,False,21,0.0,0.0
r3_s72000_l3,3,72000,0.5034965034965035,3,1.7865699529647827,1.7594680786132812,0.674128647469,A,0.032096165197866844,0.017965244039051385,0.02893396660133618,0.01644472380773395,1.7544737877669159,1.7884020452146174,0.6741286670720136,0.7110146504861338,0.059317893449599195,False,21,0.0,0.0
r3_s72000_l4,3,72000,0.5034965034965035,4,0.42071168290244204,0.43734224637349434,0.324685111242,A,0.010188008900041956,0.024216130224223455,0.011080918488678815,0.025336949678513954,0.430899691802484,0.4262613278848155,0.32468518062874124,0.35243242647912765,0.12283819820538203,False,21,0.0,0.0
r3_s72000_l5,3,72000,0.5034965034965035,5,0.2777864734331767,0.2731298870510523,0.269183573168,A,0.0023579834787934018,0.008488474797359568,0.00236184508712195,0.008647333005603434,0.2754284899543833,0.27549173213817424,0.26918374829822117,0.30165111356311375,0.014683057249627339,False,21,0.0,0.0
r3_s72000_l6,3,72000,0.5034965034965035,6,0.39168943630324465,0.43180523978339275,0.349443536227,A,0.014172756009631748,0.036183656478861646,0.016382588280571764,0.03793976258544675,0.4058621923128764,0.415422651502821,0.34944362220940767,0.4354915707199662,0.27486825812336824,False,21,0.0,0.0
r3_s72000_l7,3,72000,0.5034965034965035,7,0.2644923726717631,0.3155109087626138,0.310569804383,C,0.020137893932836992,0.07613790042162057,0.032427567022817794,0.1027779582959304,0.2846302666046001,0.283083341739796,0.3105698294109768,0.41834977600309586,1.636028859220341,False,21,0.0,0.0
r3_s72000_l8,3,72000,0.5034965034965035,8,0.3690718511740367,0.4042413499620223,0.391466155654,A,0.015419245870025078,0.04177843913301402,0.01686604817708348,0.04172271881297223,0.38449109704406176,0.38737530178493884,0.39146616282286467,0.6342112708974768,0.3486223241555374,False,21,0.0,0.0
r3_s72000_l9,3,72000,0.5034965034965035,9,0.319050669670105,0.34410704506768114,0.368810393754,A,0.011982064556192495,0.03755536563688855,0.013931963178847095,0.04048729422574415,0.3310327342262975,0.33017508188883404,0.36881047045743026,0.7092180693591082,0.3049626481860733,False,21,0.0,0.0
r3_s72000_l10,3,72000,0.5034965034965035,10,0.4807328250673082,0.5195619265238443,0.492052665603,A,0.016056502306902865,0.03340005397929997,0.017367451279251878,0.03342710539899695,0.49678932737421105,0.5021944752445924,0.4920527968141768,1.1221054483343054,0.2232934981184745,False,21,0.0,0.0
r3_s143000_l1,3,143000,1.0,1,0.8428021934297351,0.8603199587927923,0.692902384351,A,0.00933238974323991,0.011073048712950324,0.007583794770417374,0.00881508640233129,0.8334698036864951,0.8679037535632097,0.692902512020535,0.281928523823067,0.020031815608040838,False,21,0.0,0.0
r3_s143000_l2,3,143000,1.0,2,0.9341029723485311,0.9460280471377903,0.754475145664,A,0.013996554745568157,0.014983952690315175,0.011332035064697155,0.011978540275809232,0.920106417602963,0.9573600822024875,0.7544752580148203,0.3461922760362978,0.03680042653655713,False,21,0.0,0.0
r3_s143000_l3,3,143000,1.0,3,1.7876547045177882,1.8058287567562525,0.681526128789,A,0.0345914540467438,0.01935018768406695,0.03158343279803266,0.017489716386368436,1.7530632504710444,1.8374121895542852,0.6815261708365546,0.3790497062382875,0.06803199426849786,False,21,0.0,0.0
r3_s143000_l4,3,143000,1.0,4,0.5821225576930575,0.6313434176974825,0.381006321887,A,0.017451016991226864,0.02997825244971607,0.01730040267661692,0.0274025232411297,0.5995735746842844,0.6140430150208656,0.3810063589502264,0.2273199674155977,0.16495938999250273,False,21,0.0,0.0
r3_s143000_l5,3,143000,1.0,5,0.519927226834827,0.5389819410112168,0.391832724372,A,0.007059352265463947,0.01357757759374471,0.005038747081049455,0.009348638048218475,0.5269865791002909,0.5339431939301673,0.3918326099713643,0.24123510111261298,0.027174764667178993,False,21,0.0,0.0
r3_s143000_l6,3,143000,1.0,6,0.5446524057123395,0.6484564410315619,0.439430195617,B,0.03521102556475897,0.06464861844985804,0.048279373734084974,0.0744527630216887,0.5798634312770985,0.6001770672974769,0.43943021363682216,0.3142469183162407,0.9722657789071503,False,21,0.0,0.0
r3_s143000_l7,3,143000,1.0,7,0.32963044113583034,0.3853916856977673,0.34368540005,B,0.01746018286104556,0.05296896366982623,0.030096142380325208,0.07809234993162043,0.3470906239968759,0.35529554331744206,0.34368547797203064,0.27573590366928663,0.8904126230146696,False,21,0.0,0.0
r3_s143000_l8,3,143000,1.0,8,0.4659952885574765,0.48299596044752313,0.430339887499,A,0.007254049733832979,0.015566787716401317,0.012219464337384078,0.025299309596785766,0.4732493382913095,0.47077649611013905,0.43033995782887496,0.39173593786027694,0.08823799458852095,False,21,0.0,0.0
r3_s143000_l9,3,143000,1.0,9,0.3501909176508586,0.4008762836456299,0.391649440013,B,0.02075317833158702,0.059262468800572204,0.028119016576696243,0.0701438766117753,0.3709440959824456,0.37275726706893364,0.3916495674186283,0.39702245593070984,0.8432203634511356,False,21,0.0,0.0
r3_s143000_l10,3,143000,1.0,10,0.9711381859249539,1.0564743412865532,0.78055982873,A,0.036216530534956215,0.03729287042752287,0.03404649098714185,0.03222651952497824,1.0073547164599101,1.0224278502994113,0.7805596810800058,0.8341965035155967,0.24293067454226433,False,21,0.0,0.0
r5_s14000_l1,5,14000,0.0979020979020979,1,0.6387513412369622,0.622386932373047,0.631372890605,A,0.0008845351360462494,0.0013847879118843562,0.00037929746839704404,0.000609423894795225,0.637866806100916,0.622766229841444,0.6313729065435904,0.6855368923257898,0.00022890350444556147,False,21,0.0,0.0
r5_s14000_l2,5,14000,0.0979020979020979,2,0.5554652412732443,0.5288314819335939,0.602549156242,A,0.012150944383056084,0.0218752560559535,0.010178989834256025,0.019248078418135795,0.5433142968901882,0.5390104717678499,0.6025490451742102,0.7461481248890912,0.08490153503073593,False,21,0.0,0.0
r5_s14000_l3,5,14000,0.0979020979020979,3,0.4578365882237752,0.45117823282877617,0.543941998153,A,0.005418085389667093,0.01183410310363199,0.0052939167729128545,0.01173353763037186,0.4524185028341081,0.456472149601689,0.5439421004719205,0.7439271498609472,0.02777219015919668,False,21,0.0,0.0
r5_s14000_l4,5,14000,0.0979020979020979,4,0.6056164900461832,0.5590471161736382,0.482595788767,A,0.019709226157930138,0.03254407117678484,0.016698183836760028,0.02986900988063367,0.5859072638882531,0.5757453000103983,0.4825959437423282,0.7779663425904734,0.19512743200157187,False,21,0.0,0.0
r5_s14000_l5,5,14000,0.0979020979020979,5,0.2621959182951185,0.3067978488074406,0.341539469398,B,0.019910233992117443,0.07593647575257541,0.024764846872399826,0.08072040585872094,0.28210615228723596,0.2820330019350408,0.3415394061141544,0.5548523752777664,1.2282132271804558,False,21,0.0,0.0
r5_s14000_l6,5,14000,0.0979020979020979,6,0.24174278808964625,0.29391352335611964,0.359720085635,C,0.02248090284842033,0.09299513348870068,0.034011019600761916,0.11571777716208324,0.2642236909380666,0.2599025037553577,0.35972014511073075,0.6065699789259169,2.203869880407748,False,21,0.0,0.0
r5_s14000_l7,5,14000,0.0979020979020979,7,0.2942386203342014,0.4118157492743599,0.434405196877,C,0.048413658583605745,0.1645387628872516,0.09643515834101918,0.23417064187250883,0.34265227891780714,0.3153805909333407,0.4344054107312803,0.8363886387259872,8.19088940079003,False,21,0.0,0.0
r5_s14000_l8,5,14000,0.0979020979020979,8,0.28133611877759296,0.2636863125695119,0.408687082529,A,0.002241561810175541,0.007967557880257865,0.0016698925583455981,0.006332875385403462,0.2790945569674174,0.2653562051278575,0.4086870661488286,0.8999005909319278,0.010358728922306371,False,21,0.0,0.0
r5_s14000_l9,5,14000,0.0979020979020979,9,0.23736354874240026,0.2960845894283719,0.41622458064,C,0.03351080141685628,0.14117922315478537,0.05463027071069826,0.18450899729696935,0.27087435015925654,0.24145431871767364,0.4162245779125779,1.0432454347610474,5.397514313451962,False,21,0.0,0.0
r5_s14000_l10,5,14000,0.0979020979020979,10,0.25726069344414604,0.21002033021714958,0.396264602468,B,0.01647068449744471,0.06402332310029571,0.011677371131049302,0.055601146417206065,0.24079000894670133,0.22169770134819888,0.39626452657911515,1.119273856834129,0.719047338377375,False,21,0.0,0.0
r5_s72000_l1,5,72000,0.5034965034965035,1,0.8380605710877312,0.8611141840616862,0.675681457476,A,0.0010462734434339982,0.0012484460903282634,0.0013824392248081852,0.001605407564285979,0.8391068445311652,0.859731744836878,0.6756813813138891,0.546684134889532,0.00041359510879322714,False,21,0.0,0.0
r5_s72000_l2,5,72000,0.5034965034965035,2,0.7998163170284696,0.7792376942104763,0.66755083872,A,0.014627847406599281,0.018289008482506756,0.013720247480604297,0.017607268722399327,0.7851884696218703,0.7929579416910806,0.6675508927415919,0.6201821543552257,0.06445037431376177,False,21,0.0,0.0
r5_s72000_l3,5,72000,0.5034965034965035,3,0.539216568072637,0.4825680785708955,0.472912360003,B,0.04377654194831854,0.08118545412043104,0.02997861085114656,0.062123070676089465,0.4954400261243184,0.5125466894220421,0.47291251133989404,0.4941836463080512,1.045035387100746,False,21,0.0,0.0
r5_s72000_l4,5,72000,0.5034965034965035,4,0.7240708205435012,0.7584351963467068,0.418143959365,A,0.013546508771401733,0.01870881740713534,0.015835673720748455,0.02087940248159125,0.737617329314903,0.7425995226259583,0.41814424594243366,0.4958750428976836,0.07859692967639255,False,21,0.0,0.0
r5_s72000_l5,5,72000,0.5034965034965035,5,0.283903310696284,0.34201161066691066,0.275168261271,B,0.024549876098279577,0.08647266577477936,0.032544012422914825,0.09515470062364254,0.30845318679456357,0.30946759824399583,0.27516826104234765,0.32706908384958905,1.6531938977077352,False,21,0.0,0.0
r5_s72000_l6,5,72000,0.5034965034965035,6,0.3031642966800266,0.304299275080363,0.295861376879,A,0.001209351751539467,0.003989096885019686,0.0012130825607863938,0.003986478641666308,0.3019549449284871,0.30551235764114937,0.29586145281791687,0.36930411612546005,0.003180490591874483,False,21,0.0,0.0
r5_s72000_l7,5,72000,0.5034965034965035,7,0.4716065890259213,0.609204822116428,0.442535815633,C,0.05220170926164697,0.1106891007807083,0.08431796674375225,0.1384065977197722,0.5238082982875683,0.5248868553726758,0.4425358198307179,0.6360778035940947,3.1408463324119493,False,21,0.0,0.0
r5_s72000_l8,5,72000,0.5034965034965035,8,0.4778973526424832,0.47620357407463904,0.441349574343,A,0.003341621822781027,0.006992342192935132,0.002998625790630871,0.006296940959444745,0.4812389744652642,0.47320494828400816,0.4413496222760942,0.7724077149673745,0.008854431479020493,False,21,0.0,0.0
r5_s72000_l9,5,72000,0.5034965034965035,9,0.3631946014033423,0.39854600694444436,0.387950699353,B,0.021896916407125988,0.060289762905226356,0.02476510295161488,0.06213863022093932,0.3850915178104683,0.3737809039928295,0.38795063230726456,0.8327755398220487,0.7496064876942432,False,21,0.0,0.0
r5_s72000_l10,5,72000,0.5034965034965035,10,0.4103629721535577,0.4008664025200736,0.417777390647,A,0.0020557299808219853,0.00500954062699332,0.0012507791872378715,0.0031201896177171346,0.40830724217273573,0.4021171817073115,0.4177774687608083,0.9973876410060458,0.00348310805441773,False,21,0.0,0.0
r5_s143000_l1,5,143000,1.0,1,0.899085309770372,0.885656966103448,0.709756742507,A,0.003590764822783199,0.003993797678327425,0.005304989991364972,0.005989892468975782,0.8954945449475888,0.890961956094813,0.7097566878354108,0.29037230986135976,0.005182923168542281,False,21,0.0,0.0
r5_s143000_l2,5,143000,1.0,2,1.0421509676509433,1.0174618032243514,0.748037353707,A,0.0077358440116599425,0.007422959102642749,0.008130285474989396,0.007990752526744896,1.0344151236392833,1.0255920886993408,0.7480372389157613,0.3535002083690078,0.011895244778341807,False,21,0.0,0.0
r5_s143000_l3,5,143000,1.0,3,0.7940320438808866,0.7283867994944256,0.531379501301,B,0.04466907404087217,0.056256009294653554,0.03745207963166408,0.05141784510318997,0.7493629698400144,0.7658388791260897,0.5313794325899195,0.290565800887567,0.5808533376831013,False,21,0.0,0.0
r5_s143000_l4,5,143000,1.0,4,1.0863103667895,1.1163584656185574,0.507947334397,A,0.014071296762536933,0.012953293269317247,0.009213165000633072,0.008252873323731138,1.100381663552037,1.1071453006179244,0.5079473036306875,0.3146939796430093,0.023589772461892346,False,21,0.0,0.0
r5_s143000_l5,5,143000,1.0,5,0.4473706583182017,0.46496550242106105,0.323725421879,A,0.007319676655310137,0.01636154834742761,0.008478720982868726,0.018235161401656794,0.45469033497351186,0.4564867814381923,0.3237254796204744,0.20749858794388948,0.06002213756723118,False,21,0.0,0.0
r5_s143000_l6,5,143000,1.0,6,0.40990516543388367,0.41054696506924104,0.315594803123,A,0.00385316323350976,0.009400133392858799,0.005969241813377213,0.014539729485896765,0.4137583286673934,0.40457772325586383,0.31559473938412136,0.22578204726731335,0.02997662413280558,False,21,0.0,0.0
r5_s143000_l7,5,143000,1.0,7,0.6301431126064725,0.7427115705278186,0.434405196877,C,0.05537263993863706,0.08787311775813961,0.0791746245490178,0.10660211539810081,0.6855157525451095,0.6635369459788008,0.4344053069750468,0.38963596136481676,1.9085695831940979,False,21,0.0,0.0
r5_s143000_l8,5,143000,1.0,8,0.5062560439109802,0.4645285606384279,0.458203932499,A,0.014095984123371263,0.027843586842830958,0.009827490206117784,0.021155836344250077,0.49216005978760896,0.4743560508445457,0.458204068519451,0.4072031765072434,0.12228347397039512,False,21,0.0,0.0
r5_s143000_l9,5,143000,1.0,9,0.4552549189991421,0.46971874766879607,0.477344238099,A,0.014752053552203714,0.03240394103726117,0.014075968000623273,0.029966800495939392,0.4700069725513458,0.4556427796681728,0.4773443904187944,0.4723509207919792,0.19480245267181678,False,21,0.0,0.0
r5_s143000_l10,5,143000,1.0,10,0.8987416625022888,0.9176686339908176,0.710123311225,A,0.014688063550878483,0.016342920511737972,0.014547524628815811,0.015852698991720714,0.9134297260531673,0.9031211093620017,0.7101232519856205,0.8103464819766857,0.051839911617623066,False,21,0.0,0.0
r6_s14000_l1,6,14000,0.0979020979020979,1,0.5865197479724884,0.6223341888851589,0.620363203761,A,0.009764575295978073,0.016648331671211603,0.010978001135367177,0.01764004184795854,0.5767551726765103,0.6333121900205261,0.6203632266433151,0.6771976373813771,0.05883380238343408,False,21,0.0,0.0
r6_s14000_l2,6,14000,0.0979020979020979,2,0.4509906868139903,0.48199033737182645,0.564408561834,A,0.01025016440285581,0.022728106594051976,0.011294903578581372,0.02343387969175117,0.4407405224111345,0.4932852409504078,0.5644086400667826,0.7136038608021207,0.10657135467626261,False,21,0.0,0.0
r6_s14000_l3,6,14000,0.0979020979020979,3,0.4482773906654782,0.48837253782484275,0.574911663169,A,0.006501883268356379,0.014504151678695367,0.0069841102317528825,0.014300784116250754,0.44177550739712185,0.4953566480565956,0.5749116407500373,0.7903727690378824,0.04148828422599875,False,21,0.0,0.0
r6_s14000_l4,6,14000,0.0979020979020979,4,1.0445287028948467,1.0565301047431097,0.701033003106,A,0.03968254283622463,0.03799085915610449,0.037925737875478926,0.03589650470458151,1.004846160058622,1.0944558426185886,0.7010329144972341,1.0962437214674774,0.2731864429430214,False,21,0.0,0.0
r6_s14000_l5,6,14000,0.0979020979020979,5,0.26503551999727887,0.2909433576795791,0.336881039375,A,0.002808739741643307,0.010597597415099481,0.00302809256094444,0.010407842217415125,0.26222678025563556,0.2939714502405235,0.3368810647063785,0.5629191840136493,0.02206322505967239,False,21,0.0,0.0
r6_s14000_l6,6,14000,0.0979020979020979,6,0.1680924081140094,0.19716986020406072,0.279007018722,B,0.010507964425616828,0.06251302211357007,0.013326653727778442,0.06758971028289236,0.17860037253962624,0.18384320647628227,0.27900703968825163,0.48424147345401625,0.8476246869989862,False,21,0.0,0.0
r6_s14000_l7,6,14000,0.0979020979020979,7,0.2799248728487227,0.38871230019463443,0.442309263706,C,0.031862052502455496,0.11382358480005669,0.05723722775777196,0.14724830608387005,0.3117869253511782,0.3314750724368625,0.44230914336663707,0.8337089838805022,3.46378721015089,False,21,0.0,0.0
r6_s14000_l8,6,14000,0.0979020979020979,8,0.2307179205947452,0.27101831965976303,0.403068963143,A,0.010786657532056182,0.04675257779804689,0.013383432670876327,0.04938202217336649,0.24150457812680137,0.2576348869888867,0.40306898289256626,0.8664515658661172,0.462438764473023,False,21,0.0,0.0
r6_s14000_l9,6,14000,0.0979020979020979,9,0.21340440213680267,0.2137982315487331,0.37324227185,A,0.0026273473545357084,0.012311589302825807,0.002150358977140915,0.010057889448167419,0.21077705478226696,0.215948590525874,0.373242328564326,0.9262025709505435,0.025273637131537914,False,21,0.0,0.0
r6_s14000_l10,6,14000,0.0979020979020979,10,0.3138347069422404,0.4052749474843343,0.498263905633,C,0.030953376381485542,0.09862955146985612,0.0505022207895916,0.12461224436138908,0.34478808332372596,0.3547727266947427,0.4982640776369307,1.394430019237377,2.5255999868066166,False,21,0.0,0.0
r6_s72000_l1,6,72000,0.5034965034965035,1,0.7643024126688639,0.7929642995198569,0.642016008731,A,0.006354250289775765,0.008313790699127948,0.006704489390056079,0.008454970033464583,0.7706566629586397,0.7862598101298008,0.6420158390645627,0.5140892620439883,0.014060563405605159,False,21,0.0,0.0
r6_s72000_l2,6,72000,0.5034965034965035,2,0.5691659980350071,0.5819150341881646,0.589986659391,A,0.0008424388037786557,0.0014801284804180459,0.001775979995727428,0.0030519575735005085,0.5700084368387858,0.5801390541924372,0.5899868210156759,0.5634147215772558,0.0011505225349031454,False,21,0.0,0.0
r6_s72000_l3,6,72000,0.5034965034965035,3,0.6611291766166687,0.652304967244466,0.648777101839,A,0.015974598902243176,0.024162598577132974,0.014595190684000836,0.02237479617184731,0.6451545777144255,0.6669001579284668,0.6487771957008927,0.638304023830979,0.10844626737346824,False,21,0.0,0.0
r6_s72000_l4,6,72000,0.5034965034965035,4,1.7777680026160347,1.7505127059088814,0.729123600034,A,0.052914941752398637,0.02976481839840917,0.04629442426893404,0.02644620865226518,1.724853060863636,1.7968071301778155,0.7291235526402792,0.7957685678093521,0.15853463663712186,False,21,0.0,0.0
r6_s72000_l5,6,72000,0.5034965034965035,5,0.32503095600340104,0.32531163427564813,0.285218258752,A,0.004456539948781368,0.013711124637374618,0.0029877380088523253,0.009184233498121756,0.32057441605461967,0.32829937228450046,0.2852182498684636,0.33009257360740946,0.02723450837713183,False,21,0.0,0.0
r6_s72000_l6,6,72000,0.5034965034965035,6,0.22372630735238394,0.2139054139455158,0.22985673747,A,0.004960570070478648,0.022172493387839477,0.004390601758603591,0.02052590291006567,0.2187657372819053,0.21829601570411938,0.22985687575958394,0.27249722458698133,0.09129321533155618,False,21,0.0,0.0
r6_s72000_l7,6,72000,0.5034965034965035,7,0.45307992564307314,0.5356436570485431,0.4199233213,B,0.033298792662443955,0.07349430150785924,0.041704645863285816,0.07785893721397777,0.4863787183055171,0.4939390111852573,0.41992335076685305,0.5577158663007948,1.146342645826473,False,21,0.0,0.0
r6_s72000_l8,6,72000,0.5034965034965035,8,0.4070446689923604,0.48362999492221403,0.422209268743,B,0.022388282749387978,0.055002029150154945,0.030603541268243273,0.06327883214336655,0.4294329517417484,0.45302645365397076,0.42220933459423204,0.6774237818188138,0.7029433808094274,False,21,0.0,0.0
r6_s72000_l9,6,72000,0.5034965034965035,9,0.37108295493655735,0.38378339343600815,0.391422888087,A,0.010690328147676231,0.02880845914756475,0.010598756648876495,0.027616506680912735,0.3817732830842336,0.37318463678713165,0.39142305100405655,0.8123688344602231,0.1592598759722252,False,21,0.0,0.0
r6_s72000_l10,6,72000,0.5034965034965035,10,0.4138943354288737,0.4598767492506239,0.442902384351,B,0.022205101119147364,0.05364920275143409,0.026753990738480116,0.05817643701713116,0.4360994365480211,0.43312275851214377,0.44290244910452103,1.0120099871246904,0.6262734779901337,False,21,0.0,0.0
r6_s143000_l1,6,143000,1.0,1,0.7476856973436145,0.7725881205664741,0.664078649987,A,0.0038708073121529463,0.005177051434713829,0.0017168786790634494,0.0022222431763542832,0.7515565046557674,0.7708712418874106,0.664078520403968,0.26744110385576886,0.0031740226292610164,False,21,0.0,0.0
r6_s143000_l2,6,143000,1.0,2,0.6894046068191528,0.700036923090617,0.664078649987,A,0.0010111950061939545,0.0014667656644449262,0.0020563602447506435,0.0029375025472499518,0.6883934118129589,0.7020932833353677,0.6640786793496873,0.33080252011617023,0.0010780322729525412,False,21,0.0,0.0
r6_s143000_l3,6,143000,1.0,3,0.8249830868509079,0.8161831167009143,0.726977669381,A,0.01723693476782895,0.02089368260094178,0.014063446610062535,0.01723074923050482,0.807746152083079,0.8302465633109768,0.7269775757083187,0.3746161725785997,0.07334446916752255,False,21,0.0,0.0
r6_s143000_l4,6,143000,1.0,4,1.9717504978179932,1.937442382176717,0.75,A,0.05950382462254278,0.030178171471675334,0.06780951111404954,0.03499949817234334,1.9122466731954504,2.0052518932907666,0.7500000441515887,0.4249176725193306,0.21356869056918917,False,21,0.0,0.0
r6_s143000_l5,6,143000,1.0,5,0.701086355580224,0.7230224344465467,0.416817701285,A,0.0049068993992276155,0.006998994289597367,0.004595041275024747,0.0063553232321701975,0.6961794561809964,0.7276174757215714,0.41681779976244326,0.27215009596612716,0.008937605445143024,False,21,0.0,0.0
r6_s143000_l6,6,143000,1.0,6,0.32916684945424396,0.36049575275845,0.273982019981,B,0.020433430318479218,0.06207620953414844,0.0225912288383201,0.06266711511964657,0.3496002797727232,0.33790452392012993,0.2739821098468922,0.20182248563678176,0.7780623107591735,False,21,0.0,0.0
r6_s143000_l7,6,143000,1.0,7,0.7113470170232986,0.8014676570892335,0.482002668122,B,0.045554125750506214,0.06403924478529183,0.035480799498381566,0.04426978329630456,0.7569011427738048,0.7659868575908519,0.482002525417893,0.39857583796536483,0.6060838585788711,False,21,0.0,0.0
r6_s143000_l8,6,143000,1.0,8,0.4219082163439856,0.4686655733320448,0.38447851062,A,0.012520932488971348,0.029676910768509996,0.018112818400065123,0.03864764008854077,0.43442914883295697,0.45055275493197966,0.38447848955790204,0.3516235053539276,0.23743591171860362,False,21,0.0,0.0
r6_s143000_l9,6,143000,1.0,9,0.42085370421409607,0.4493070708380806,0.437510816892,A,0.017582815002512076,0.04177892418769254,0.012287086910671874,0.02734674726512928,0.43843651921660814,0.4370199839274087,0.4375108634984052,0.41961492542867307,0.2493323092275439,False,21,0.0,0.0
r6_s143000_l10,6,143000,1.0,10,1.0211710002687242,1.1513046953413224,0.781152949375,B,0.05942622158262467,0.058194192321294164,0.07260052363077829,0.06305934816776862,1.0805972218513489,1.0787041717105441,0.7811529481852496,0.8358961961887501,0.7363045411285177,False,21,0.0,0.0
r8_s14000_l1,8,14000,0.0979020979020979,1,0.4072243273258209,0.39173073238796635,0.519550141886,A,0.014804200993643879,0.03635392092320324,0.012063812326502277,0.030796185565863637,0.39242012633217704,0.40379454471446863,0.5195501755785059,0.5756851655465586,0.2270012611908955,False,21,0.0,0.0
r8_s14000_l2,8,14000,0.0979020979020979,2,0.5077182418770261,0.5116835700141059,0.571806043153,A,0.013034434230239367,0.025672574186079277,0.012068148012514324,0.023585177871077723,0.4946838076467867,0.5237517180266202,0.5718061239631088,0.7137816879484389,0.12153416805548886,False,21,0.0,0.0
r8_s14000_l3,8,14000,0.0979020979020979,3,0.5229583117696973,0.4941637251112196,0.579343541264,B,0.04860767170234953,0.09294750768520656,0.04159605061566368,0.08417463383460136,0.4743506400673478,0.5357597757268833,0.5793435198289377,0.7944999160589995,1.572460816614246,False,21,0.0,0.0
r8_s14000_l4,8,14000,0.0979020979020979,4,1.222296569082472,1.2176927460564504,0.725651411301,A,0.03300570337860664,0.02700302382698797,0.0318621352866848,0.026165989236484746,1.1892908657038654,1.2495548813431352,0.7256513039271036,1.1674147711859808,0.1413822288527033,False,21,0.0,0.0
r8_s14000_l5,8,14000,0.0979020979020979,5,0.2210980537864897,0.2745188872019451,0.325644800604,B,0.01635699305269453,0.07398071928944339,0.02303243566442409,0.08390109656606896,0.23745504683918423,0.251486451537521,0.3256448319664708,0.5522569263422931,1.251254083167304,False,21,0.0,0.0
r8_s14000_l6,8,14000,0.0979020979020979,6,0.18686280316776702,0.21310692363315184,0.305544805642,A,0.008030113798600635,0.04297331337445558,0.00944702713577858,0.044329986913032554,0.19489291696636765,0.20365989649737326,0.30554470971778586,0.5409684247440762,0.38118534021270084,False,21,0.0,0.0
r8_s14000_l7,8,14000,0.0979020979020979,7,0.23135618534353042,0.3031896485222713,0.37945351188,C,0.02604120086740569,0.11255891355844115,0.04339973131815639,0.14314384257358723,0.2573973862109361,0.25978991720411493,0.3794535221876921,0.7152333877704762,3.315966868843323,False,21,0.0,0.0
r8_s14000_l8,8,14000,0.0979020979020979,8,0.3236706985367669,0.44642938507927754,0.502329215011,C,0.04452378551165265,0.1375589007988546,0.08221433780811394,0.18415978104427433,0.36819448404841953,0.3642150472711636,0.5023291574584113,1.1010975307888455,5.283727614353303,False,21,0.0,0.0
r8_s14000_l9,8,14000,0.0979020979020979,9,0.20558327767584061,0.18868380122714568,0.357207586265,A,0.00815249482790631,0.039655437543521105,0.006973081164889816,0.0369564378049516,0.1974307828479343,0.1956568823920355,0.3572077221340603,0.8895780576599969,0.29383320220291337,False,21,0.0,0.0
r8_s14000_l10,8,14000,0.0979020979020979,10,0.28832231627570254,0.31545103920830614,0.454731743766,B,0.014046958199253834,0.0487196356516954,0.01693720287746797,0.053692018006730687,0.3023692744749564,0.29851383633083817,0.45473186837302315,1.307295322418213,0.5256435695703783,False,21,0.0,0.0
r8_s72000_l1,8,72000,0.5034965034965035,1,0.741052296426561,0.7441590627034506,0.634845079338,A,0.000367802602273537,0.0004963247587877765,0.00048451953464068165,0.0006510967331094816,0.7414200990288345,0.7436745431688099,0.6348451707098219,0.5265197157859802,6.702652220533882e-05,False,21,0.0,0.0
r8_s72000_l2,8,72000,0.5034965034965035,2,0.6622003846698337,0.6189210679796009,0.625388202502,A,0.02320905526479078,0.03504838686605041,0.025368831775806733,0.04098879984580179,0.6389913294050429,0.6442898997554076,0.6253883419213472,0.5930342585952194,0.29084711347206754,False,21,0.0,0.0
r8_s72000_l3,8,72000,0.5034965034965035,3,0.6975903709729513,0.6404398547278509,0.654028652506,B,0.05793693992826676,0.08305295247607451,0.042558290340282134,0.06645165822526838,0.6396534310446845,0.6829981450681331,0.6540285878711276,0.6672941313849555,1.1313615795914536,False,21,0.0,0.0
r8_s72000_l4,8,72000,0.5034965034965035,4,1.43933990266588,1.4285152753194172,0.64219929309,A,0.02586779329511857,0.017971983717806644,0.023099104563395256,0.016170008793370518,1.4134721093707614,1.4516143798828125,0.6421993904643588,0.742022298000477,0.058446138313160194,False,21,0.0,0.0
r8_s72000_l5,8,72000,0.5034965034965035,5,0.297220915555954,0.319316969977485,0.300293254974,A,0.010120787002422194,0.03405139568814373,0.012469644899721744,0.0390509934394089,0.3073417025583762,0.30684732507776324,0.30029317847004644,0.35867521277180425,0.26844776369326434,False,21,0.0,0.0
r8_s72000_l6,8,72000,0.5034965034965035,6,0.32367729478412205,0.3561698860592311,0.318473871211,B,0.016318511079858822,0.050415989452371406,0.020023813954106295,0.05621983985114371,0.33999580586398087,0.3361460721051248,0.31847396272200124,0.4015916387240092,0.5702442385383325,False,21,0.0,0.0
r8_s72000_l7,8,72000,0.5034965034965035,7,0.3421697583463457,0.3360793325636123,0.358167275628,A,0.0064270408065230655,0.01878319357492372,0.004993111998947086,0.014856944522130487,0.3485967991528688,0.3310862205646652,0.35816730834819654,0.4981649473861412,0.05735371614100944,False,21,0.0,0.0
r8_s72000_l8,8,72000,0.5034965034965035,8,0.5807838241259257,0.7138565911187067,0.531746070019,C,0.056815575670313034,0.0978256854100958,0.08633975629453339,0.12094832122948777,0.6375993997962387,0.6275168348241733,0.5317461733464841,0.9500060147709317,2.419836113426033,False,21,0.0,0.0
r8_s72000_l9,8,72000,0.5034965034965035,9,0.30478105942408246,0.29945537779066306,0.35661446562,A,0.005268252558178366,0.01728536729977915,0.004538332974468873,0.015155289605873366,0.3100493119822608,0.2949170448161942,0.3566145223599893,0.7601889151114004,0.05284667257296621,False,21,0.0,0.0
r8_s72000_l10,8,72000,0.5034965034965035,10,0.4546317756175995,0.48912805981106217,0.494565164974,B,0.025520776157025915,0.05613504714293409,0.029743909835815707,0.0608100664828843,0.4801525517746254,0.45938414997524646,0.49456521647947804,1.1486754417419434,0.6849007703421223,False,21,0.0,0.0
r8_s143000_l1,8,143000,1.0,1,0.6980229881074694,0.6730988290574818,0.62324227185,A,0.0034390886624654504,0.004926898857278083,0.0027370452880859375,0.004066334942098274,0.694583899445004,0.6758358743455677,0.6232421751375552,0.24936960085674567,0.004080941221129612,False,21,0.0,0.0
r8_s143000_l2,8,143000,1.0,2,0.7849934034877353,0.7439439031812881,0.688243954328,A,0.013972061651724266,0.017798954220033476,0.008684564519811588,0.011673681957285447,0.771021341836011,0.7526284677010997,0.6882439344017593,0.3194692852320494,0.04530776217678727,False,21,0.0,0.0
r8_s143000_l3,8,143000,1.0,3,0.9562838276227316,0.9007845454745823,0.74109297624,B,0.04948287760769887,0.051744969619175525,0.03603451340286801,0.04000347650707425,0.9068009500150327,0.9368190588774503,0.7410931256082323,0.38086895368717333,0.42778200135505917,False,21,0.0,0.0
r8_s143000_l4,8,143000,1.0,4,1.8047940333684285,1.764314068688287,0.649003653765,A,0.046514016610604614,0.025772479158614064,0.05234534652144762,0.02966895035889789,1.7582800167578239,1.8166594152097346,0.6490034836309927,0.38348160297782335,0.1544467297381677,False,21,0.0,0.0
r8_s143000_l5,8,143000,1.0,5,0.44762351446681553,0.4831451045142279,0.322765732516,A,0.006683776775995909,0.01493169272830165,0.007938208403411195,0.01643027804530098,0.45430729124281144,0.4752068961108167,0.3227658536699083,0.20095838164841687,0.04929094843804292,False,21,0.0,0.0
r8_s143000_l6,8,143000,1.0,6,0.4478689365916782,0.4873672591315377,0.326237921249,A,0.017618819519325535,0.03933923092181153,0.016433706989994967,0.03371934959119993,0.46548775611100374,0.47093355214154276,0.3262380306367521,0.22360607816113365,0.2684569626384744,False,21,0.0,0.0
r8_s143000_l7,8,143000,1.0,7,0.45761813057793505,0.47159806887308786,0.353508845605,A,0.008959787863272284,0.019579180247813195,0.006863488091362946,0.014553681502023774,0.46657791844120733,0.4647345807817249,0.3535089283077805,0.26928884784380597,0.059515394444128095,False,21,0.0,0.0
r8_s143000_l8,8,143000,1.0,8,0.7230100499259101,0.8426271544562448,0.598483846864,B,0.053832301387080395,0.0744558134323615,0.06631685186315506,0.07870248604303673,0.7768423513129905,0.7763103025930898,0.5984839156821922,0.4995570723657255,1.1737749463259048,False,21,0.0,0.0
r8_s143000_l9,8,143000,1.0,9,0.4151734941535526,0.4186571968926325,0.42124957938,A,0.0060094804675490665,0.014474624589863571,0.004285520977444612,0.010236348519128474,0.42118297462110166,0.41437167591518786,0.42124945477203085,0.41260022035351507,0.03142975880240567,False,21,0.0,0.0
r8_s143000_l10,8,143000,1.0,10,0.9103376732932197,0.9312289555867513,0.674721768113,A,0.010284176579228088,0.01129710093400063,0.012148115370008816,0.013045250898949392,0.9206218498724478,0.9190808402167425,0.6747218745726126,0.7473819498662595,0.02978030605301836,False,21,0.0,0.0
