target_id,run_id,step,layer,geometry_match,delta_b_standardized_difference,absolute_log_norm_ratio,absolute_cosine_difference,pass_delta_b,pass_norm,pass_cosine,failure_reason
r2_s14000_l1,2,14000,1,False,1.2614582308449505,0.002233244247995536,7.145386189222336e-05,False,True,True,delta_boundary
r2_s14000_l10,2,14000,10,True,0.03064822562153905,0.09708108370059776,0.0005072229541838169,True,True,True,
r2_s14000_l2,2,14000,2,False,0.9042012416137907,0.02091023339279907,0.00020886189304292202,False,True,True,delta_boundary
r2_s14000_l3,2,14000,3,True,0.08626313594090823,0.06442169663625918,0.00018535694107413292,True,True,True,
r2_s14000_l4,2,14000,4,False,0.7084624176262992,0.17129890936521175,0.0005906112492084503,False,True,True,delta_boundary
r2_s14000_l6,2,14000,6,True,0.2834157061142346,0.05591087447530807,0.0005668499507009983,True,True,True,
r2_s14000_l9,2,14000,9,True,0.21873154676747075,0.05116572214888304,0.0005252950359135866,True,True,True,
r2_s143000_l1,2,143000,1,False,1.2751347777101107,0.24292842037290896,0.0004444061778485775,False,False,True,delta_boundary;log_norm
r2_s143000_l10,2,143000,10,False,2.6980963000582228,0.15630015729210367,5.357631016522646e-05,False,True,True,delta_boundary
r2_s143000_l2,2,143000,2,False,0.5356057891401904,0.3266489045095504,0.00044831738341599703,False,False,True,delta_boundary;log_norm
r2_s143000_l3,2,143000,3,False,1.3820848362335556,0.26845442513169004,0.0005390325095504522,False,False,True,delta_boundary;log_norm
r2_s143000_l4,2,143000,4,True,0.30347303066947734,0.06074013642954501,0.00022482022177428007,True,True,True,
r2_s143000_l6,2,143000,6,True,0.12347102305119693,0.0845283931064511,0.00033949490170925856,True,True,True,
r2_s143000_l9,2,143000,9,False,0.5021595906779498,0.16171081305541346,0.0002476380905136466,False,True,True,delta_boundary
r2_s72000_l1,2,72000,1,False,1.1493346180755029,0.0002374597728831418,0.00010661059059202671,False,True,True,delta_boundary
r2_s72000_l10,2,72000,10,False,1.2672251390609193,0.021322694772012873,0.0001030871644616127,False,True,True,delta_boundary
r2_s72000_l2,2,72000,2,False,0.7853446683330554,0.021336958156735086,1.1394964531064034e-05,False,True,True,delta_boundary
r2_s72000_l3,2,72000,3,True,0.28882809502102563,0.05898219870203292,0.0001719389110803604,True,True,True,
r2_s72000_l7,2,72000,7,True,0.3005061183508692,0.020114231619530187,0.00026209489442408085,True,True,True,
r2_s72000_l9,2,72000,9,True,0.3584939601562539,0.03351563369439692,0.00015512085519731045,True,True,True,
r3_s14000_l1,3,14000,1,False,1.3303993288086435,0.03169663215658414,6.205285899341106e-05,False,True,True,delta_boundary
r3_s14000_l10,3,14000,10,True,0.21054959329447182,0.10175797341877146,0.0005498907994478941,True,True,True,
r3_s14000_l2,3,14000,2,False,1.1283355179048495,0.04111340868014146,2.2789929062128067e-05,False,True,True,delta_boundary
r3_s14000_l3,3,14000,3,True,0.47482724040182317,0.07347096028319733,0.0001457731705158949,True,True,True,
r3_s14000_l4,3,14000,4,False,0.5038143940375224,0.14111319701262293,0.00044924509711563587,False,True,True,delta_boundary
r3_s14000_l5,3,14000,5,False,0.5384811510215386,0.11721093134766125,0.0005230826791375875,False,True,True,delta_boundary
r3_s14000_l8,3,14000,8,True,0.09571446486274032,0.03751296886578448,0.00011881929822266102,True,True,True,
r3_s14000_l9,3,14000,9,True,0.06941549050335687,0.07865207789719175,0.00040217977948486805,True,True,True,
r3_s143000_l1,3,143000,1,False,0.5692702497715598,0.13893768413183416,0.00022300356067717075,False,True,True,delta_boundary
r3_s143000_l10,3,143000,10,False,2.947188997857941,0.46725533647596684,0.00016114400932565331,False,False,True,delta_boundary;log_norm
r3_s143000_l2,3,143000,2,False,0.5403605991515305,0.07444088877529964,8.43629240989685e-05,False,True,True,delta_boundary
r3_s143000_l3,3,143000,3,False,0.8961630391386057,0.09050962950778274,2.620532177388668e-05,False,True,True,delta_boundary
r3_s143000_l4,3,143000,4,False,0.583482935145118,0.15966063658476415,0.0002257958985865116,False,True,True,delta_boundary
r3_s143000_l5,3,143000,5,False,0.815762664408046,0.2878952840508173,0.0004053940065205097,False,False,True,delta_boundary;log_norm
r3_s143000_l8,3,143000,8,False,0.2849808966119389,0.2548586580511376,0.00018818012904375792,True,False,True,log_norm
r3_s72000_l1,3,72000,1,False,0.9343907177675785,0.021516126427483684,1.2285076081752777e-05,False,True,True,delta_boundary
r3_s72000_l10,3,72000,10,False,0.9244235450148892,0.048112018631399245,0.00015028822235763073,False,True,True,delta_boundary
r3_s72000_l2,3,72000,2,False,0.7777619100499533,0.01452937600702775,5.235825665295124e-05,False,True,True,delta_boundary
r3_s72000_l3,3,72000,3,False,0.719589742138551,0.06456180974838244,8.746166713535786e-05,False,True,True,delta_boundary
r3_s72000_l4,3,72000,4,False,0.6893359840717664,0.12262225164724239,0.0005209490191191435,False,True,True,delta_boundary
r3_s72000_l5,3,72000,5,False,0.5681840678019526,0.06005735350011676,0.0005698648747056723,False,True,True,delta_boundary
r3_s72000_l6,3,72000,6,False,0.5753598212777654,0.11832989064374821,0.0006840459536761045,False,True,True,delta_boundary
r3_s72000_l8,3,72000,8,True,0.05325636818001291,0.01682743584278068,0.0002408549189567566,True,True,True,
r3_s72000_l9,3,72000,9,True,0.2529414918591276,0.013935188545183053,9.551597759127617e-05,True,True,True,
r5_s14000_l1,5,14000,1,False,1.293377220985916,0.017974536134850894,0.00022615795023739338,False,True,True,delta_boundary
r5_s14000_l2,5,14000,2,False,0.7951493696903957,0.013594574625293454,4.042801447212696e-05,False,True,True,delta_boundary
r5_s14000_l3,5,14000,3,True,0.2982069856922745,0.03587987522568703,2.0276522263884544e-05,True,True,True,
r5_s14000_l4,5,14000,4,False,0.5918205500058389,0.06803189723067593,0.00014535128138959408,False,True,True,delta_boundary
r5_s14000_l8,5,14000,8,True,0.16374198890578698,0.01670305092450519,0.00013189809396862984,True,True,True,
r5_s143000_l1,5,143000,1,False,1.0963605090400579,0.17344728202348136,0.00038099836092442274,False,True,True,delta_boundary
r5_s143000_l10,5,143000,10,False,2.49716226657035,0.28066534865601334,6.977235898375511e-05,False,False,True,delta_boundary;log_norm
r5_s143000_l2,5,143000,2,False,0.8850411284399484,0.23247163655207892,0.00027908210176974535,False,False,True,delta_boundary;log_norm
r5_s143000_l4,5,143000,4,False,0.7142219744532816,0.10788375582366339,0.000161715317517519,False,True,True,delta_boundary
r5_s143000_l5,5,143000,5,True,0.16000999075124175,0.056488752071023995,0.00025309063494205475,True,True,True,
r5_s143000_l6,5,143000,6,True,0.32007617118884407,0.05160675822598648,0.0003227405250072479,True,True,True,
r5_s143000_l8,5,143000,8,True,0.36459578397743675,0.20208417196550688,0.0002585272304713726,True,True,True,
r5_s143000_l9,5,143000,9,False,0.5899808791588894,0.23651610498766473,0.0002552674850448966,False,False,True,delta_boundary;log_norm
r5_s72000_l1,5,72000,1,False,0.8323181063802689,0.02802812683418221,0.00016507040709257126,False,True,True,delta_boundary
r5_s72000_l10,5,72000,10,False,0.9821798180672048,0.01615916383067706,4.8134010285139084e-05,False,True,True,delta_boundary
r5_s72000_l2,5,72000,2,False,0.542007766184559,0.03260609960171301,6.393413059413433e-05,False,True,True,delta_boundary
r5_s72000_l4,5,72000,4,False,0.5912821319969802,0.09398783537590027,0.00017096102237701416,False,True,True,delta_boundary
r5_s72000_l6,5,72000,6,True,0.42814176025032974,0.010521442691344696,0.0003231293521821499,True,True,True,
r5_s72000_l8,5,72000,8,True,0.2890331930749929,0.06362150181136617,0.00011884281411767006,True,True,True,
r6_s14000_l1,6,14000,1,False,1.3760149824063366,0.021581958849491656,8.06113239377737e-05,False,True,True,delta_boundary
r6_s14000_l2,6,14000,2,False,1.0381381921185164,0.012934088739146254,7.586064748466015e-05,False,True,True,delta_boundary
r6_s14000_l3,6,14000,3,False,0.683382384768052,0.009465893140543358,0.00012807268649339676,False,True,True,delta_boundary
r6_s14000_l4,6,14000,4,False,0.8080943108826381,0.08265152751865656,0.00016236607916653156,False,True,True,delta_boundary
r6_s14000_l5,6,14000,5,False,0.5121965161447418,0.14329104349223964,0.0005055326037108898,False,True,True,delta_boundary
r6_s14000_l8,6,14000,8,True,0.24529445166302888,0.07077758365234388,0.0005972748622298241,True,True,True,
r6_s14000_l9,6,14000,9,True,0.441301017226528,0.013929328147398223,0.00024696229957044125,True,True,True,
r6_s143000_l1,6,143000,1,False,1.001046958444313,0.12412781877262002,0.0002547043841332197,False,True,True,delta_boundary
r6_s143000_l2,6,143000,2,False,0.7665195277519388,0.09223558941476284,8.642848115414381e-05,False,True,True,delta_boundary
r6_s143000_l3,6,143000,3,False,0.9522186908720851,0.3527367848287071,0.0005118389381095767,False,False,True,delta_boundary;log_norm
r6_s143000_l4,6,143000,4,False,0.4145554246159086,0.29890472190792305,0.00017318082973361015,True,False,True,log_norm
r6_s143000_l5,6,143000,5,False,1.4222417700775905,0.20274861488618345,0.0006498072762042284,False,True,True,delta_boundary
r6_s143000_l8,6,143000,8,False,0.5917478054473813,0.20268158035088657,0.00018327240832149982,False,True,True,delta_boundary
r6_s143000_l9,6,143000,9,False,0.8313932275620245,0.4018461308094565,0.0003653892781585455,False,False,True,delta_boundary;log_norm
r6_s72000_l1,6,72000,1,False,1.0052298417900194,0.027167241495813954,4.7802459448575974e-05,False,True,True,delta_boundary
r6_s72000_l2,6,72000,2,False,0.8820380005577682,0.006410695189512872,5.866633728146553e-06,False,True,True,delta_boundary
r6_s72000_l3,6,72000,3,False,1.0086461291307334,0.04717863998630012,0.00011124135926365852,False,True,True,delta_boundary
r6_s72000_l4,6,72000,4,False,0.6572299039304745,0.028106525558841078,9.010219946503639e-05,False,True,True,delta_boundary
r6_s72000_l5,6,72000,5,False,0.5761137090676884,0.08859643827809105,0.0005363600794225931,False,True,True,delta_boundary
r6_s72000_l6,6,72000,6,True,0.006837760544976453,0.01990256626982312,0.0005749235861003399,True,True,True,
r6_s72000_l9,6,72000,9,True,0.1242392432002677,0.06075467571961912,2.150190994143486e-06,True,True,True,
r8_s14000_l1,8,14000,1,False,1.0187786796418592,0.03173197463659427,0.00010291323997080326,False,True,True,delta_boundary
r8_s14000_l2,8,14000,2,False,0.7205674198862205,0.010905078078542019,0.00011843768879771233,False,True,True,delta_boundary
r8_s14000_l4,8,14000,4,False,0.764163778000647,0.1269060464827696,0.0001981209497898817,False,True,True,delta_boundary
r8_s14000_l6,8,14000,6,False,0.8630466843930538,0.13974669598625766,0.0006467222701758146,False,True,True,delta_boundary
r8_s14000_l9,8,14000,9,True,0.2337758415471542,0.032834234890390945,0.00043354439549148083,True,True,True,
r8_s143000_l1,8,143000,1,False,1.1605510140682633,0.1478298284207762,0.00030975346453487873,False,True,True,delta_boundary
r8_s143000_l10,8,143000,10,False,2.3726882918101238,0.2620981525841932,2.634013071656227e-06,False,False,True,delta_boundary;log_norm
r8_s143000_l2,8,143000,2,False,1.0199972436007316,0.07175571405418157,4.7948211431503296e-05,False,True,True,delta_boundary
r8_s143000_l4,8,143000,4,False,1.7022001008553036,0.19432047922336526,0.0002396218478679657,False,True,True,delta_boundary
r8_s143000_l5,8,143000,5,True,0.06544428726919853,0.03068335851738091,0.00030604051426053047,True,True,True,
r8_s143000_l6,8,143000,6,False,0.8709536446292039,0.0798818494603255,0.00028337305411696434,False,True,True,delta_boundary
r8_s143000_l7,8,143000,7,False,0.5214362148190985,0.07987125520037974,7.859617471694946e-05,False,True,True,delta_boundary
r8_s143000_l9,8,143000,9,False,0.4936332331790684,0.2491355326774478,0.0004225968150421977,True,False,True,log_norm
r8_s72000_l1,8,72000,1,False,0.8904141389762779,0.118794013597741,0.00023208698257803917,False,True,True,delta_boundary
r8_s72000_l2,8,72000,2,False,0.6828683574141247,0.07181831133664662,0.00010278797708451748,False,True,True,delta_boundary
r8_s72000_l4,8,72000,4,False,1.4996874563107634,0.07018129929865324,0.0003067550715059042,False,True,True,delta_boundary
r8_s72000_l5,8,72000,5,True,0.19483032907880954,0.05457553812802374,0.0004191517364233732,True,True,True,
r8_s72000_l7,8,72000,7,True,0.39001306892887044,0.05500681718765055,0.00038755149580538273,True,True,True,
r8_s72000_l9,8,72000,9,True,0.10933054085473697,0.0743551064410628,0.00022444291971623898,True,True,True,
