run_id,step,layer,reason,closest_beta,closest_score,absolute_kl_gap,absolute_nll_gap,relative_kl_gap,relative_nll_gap,kl_caliper,nll_caliper
2,14000,1,no_joint_caliper_match,0.5,11.276786138079476,0.2651146959375453,0.2704125863534432,0.5825966730741652,0.5450819407314036,0.045505700287995526,0.049609529530560526
2,14000,2,no_joint_caliper_match,0.75,6.151430088536152,0.25793965216036197,0.26744957323427554,0.31338267807035397,0.30176033078254,0.08230820342346475,0.08862979853594743
2,14000,3,no_joint_caliper_match,0.5,5.414611379007297,0.19584730377903692,0.17083404682300685,0.29349215114124655,0.2479689867586835,0.06672999704325641,0.06889331164183439
2,14000,4,no_joint_caliper_match,0.35,1.8721656050647364,0.01286981503168741,0.03836436624880196,0.05022736435228131,0.1369891961535072,0.025623114407062532,0.02800539555373015
2,14000,5,no_joint_caliper_match,0.5,4.7716275590399855,0.11116818145469382,0.0666205176600701,0.311014958770247,0.1661477971324671,0.03574367673308761,0.04009714170738504
2,14000,6,no_joint_caliper_match,0.35,2.3528741633067707,0.02464572809360649,0.02440402242872422,0.1249171157593425,0.11037030057020229,0.019729664701002615,0.022111041016048872
2,14000,7,no_joint_caliper_match,0.35,2.987726886672417,0.050555486370016,0.017488108740912528,0.22183107116664671,0.07694161749928317,0.022790083509904368,0.02272906303405763
2,14000,8,no_joint_caliper_match,0.5,5.686792516235605,0.1230307701561186,0.060499376720852316,0.4026973097510805,0.16598194187070667,0.030551674216985705,0.03644937276840209
2,14000,9,no_joint_caliper_match,0.35,1.9580297795181885,0.018978230379245897,0.020705841205738068,0.09455759730870304,0.10124538064214961,0.020070550563158814,0.020451146584969965
2,14000,10,no_joint_caliper_match,0.5,2.385528266951752,0.04705591830942363,0.029790057076348242,0.14984957702456334,0.08870324966987059,0.03140210285782814,0.033583952320946575
2,72000,1,no_joint_caliper_match,0.75,3.0367992531967554,0.13421175214979386,0.17826742596096457,0.13204152369965802,0.17163840161972233,0.10164359543058606,0.10386220349205866
2,72000,2,no_joint_caliper_match,0.75,3.5265259659204586,0.16185560049834058,0.19986115561591233,0.1602923604258715,0.19236023616583048,0.10097524302977104,0.10389941268497044
2,72000,3,no_joint_caliper_match,0.5,4.571679354434582,0.21105711989932585,0.2484557716934772,0.21324677865839542,0.2439211567846078,0.09897318085034688,0.10185904944384538
2,72000,4,no_joint_caliper_match,0.35,9.2220745061488,0.2049777574009366,0.17979522987648294,0.5046091599645116,0.41759829064815635,0.040621093246671895,0.04305458951879432
2,72000,5,no_joint_caliper_match,0.35,1.585711895333421,0.04215541923487626,0.025822798411051506,0.10138430228714715,0.057186887245824505,0.04157982871488289,0.04515510400136313
2,72000,6,no_joint_caliper_match,0.35,8.523029677532689,0.1613128406030161,0.13574284094351313,0.4798936251972897,0.3724093425535299,0.03361429119551623,0.036449902145950897
2,72000,8,no_joint_caliper_match,0.35,3.1981196828663596,0.0032400577156632138,0.1359014599411576,0.008760859960035701,0.31105110832586463,0.03698332960958835,0.04369103864387228
2,72000,9,no_joint_caliper_match,0.35,2.235359498447138,0.025879761687031433,0.05183060080916785,0.07598279448631026,0.14755315535776042,0.03406002880246551,0.035126731572327784
2,143000,4,no_joint_caliper_match,0.35,7.169752424161964,0.18963984758765617,0.16162978278266077,0.38748512876050784,0.3294901136542252,0.04894119374178074,0.04905451668633355
2,143000,5,no_joint_caliper_match,0.35,3.8002797063830305,0.06320757336086702,0.14502967728508864,0.1196060444459649,0.2604219261916442,0.052846470806333756,0.055690271324581576
2,143000,6,no_joint_caliper_match,0.35,2.601758750260344,0.07093092799186707,0.03479065718474195,0.17633598325558053,0.08383989176981346,0.040224874516328175,0.04149654353106463
2,143000,7,no_joint_caliper_match,0.5,3.2765111641003646,0.077209923002455,0.14243841171264626,0.11151766015980988,0.21613345624973757,0.06923560169008043,0.06590299076504177
2,143000,8,no_joint_caliper_match,0.35,3.8529147357871194,0.02939550744162661,0.12985806994968013,0.07809812232025576,0.307193351257522,0.037639198700586955,0.04227242204878066
3,14000,1,no_joint_caliper_match,0.75,7.767682425467888,0.31909317661214764,0.3307480812072753,0.40251683097890456,0.3742514115669531,0.079274492903992,0.08837590747409396
3,14000,2,no_joint_caliper_match,0.5,9.451060320843757,0.2063745238162853,0.18317913126062452,0.5178695102730982,0.4272365218089815,0.03985068047488177,0.04287534466496223
3,14000,4,no_joint_caliper_match,0.5,2.97364433966694,0.0641211436854468,0.0777838671648946,0.14148496604974306,0.1558794679163264,0.045320111016432456,0.04990000813095658
3,14000,5,no_joint_caliper_match,0.35,3.9941835518431494,0.0395883647380052,0.06339791969016761,0.16658913458902963,0.23282922059372924,0.02376407371075065,0.027229365596064828
3,14000,6,no_joint_caliper_match,0.5,3.5447301582988073,0.09772328204578828,0.029258516099717746,0.2840364530393424,0.07043656278954327,0.03440519024928411,0.041538818677266456
3,14000,7,no_joint_caliper_match,0.35,4.238848973532511,0.012578789834622989,0.0841229756673176,0.06552880049324983,0.35835609685813336,0.019195818845872528,0.023474688000149194
3,14000,9,no_joint_caliper_match,0.35,2.1389930259815095,0.024313513327527903,0.018368659196076303,0.12292681677789047,0.09097248581918843,0.01977885213715059,0.020191444732524735
3,14000,10,no_joint_caliper_match,0.5,4.449926309847422,0.0745761504879704,0.06305636299980993,0.25213595805475786,0.19285667292854206,0.02957775283742834,0.032695971594916474
3,72000,1,no_joint_caliper_match,0.75,6.7690842515190965,0.33910885122087275,0.34259024372807256,0.3421131013315548,0.3347953238196825,0.09912185470263163,0.10232826427177147
3,72000,2,no_joint_caliper_match,0.75,4.961733778528798,0.21321219868130148,0.24001079135470926,0.23490033987670356,0.261273037975633,0.09076708820131091,0.09186205863952637
3,72000,3,no_joint_caliper_match,0.75,3.4945738013844667,0.304033049830684,0.3750385178460016,0.15683233804611707,0.19262504209214978,0.19385864778801248,0.19469873375362823
3,72000,4,no_joint_caliper_match,0.35,2.771723178102323,0.07360328899489516,0.05400096928631837,0.16087681950825733,0.11629549830137288,0.045751332739988965,0.046434273101665355
3,72000,5,no_joint_caliper_match,0.35,9.266705105220904,0.1612627881544607,0.17096528300532604,0.4499295452934649,0.4767409652260407,0.03584178675104071,0.03586125285537153
3,72000,7,no_joint_caliper_match,0.35,3.72851503277186,0.08406979287112198,0.032717784245808956,0.27426529820879475,0.0985862050671995,0.03065272691073241,0.03318698008855183
3,72000,8,no_joint_caliper_match,0.35,3.9651606679185813,0.05217905839284265,0.08803274896409763,0.15213337553909256,0.2443826912516436,0.034298232197761534,0.03602249754799735
3,72000,9,no_joint_caliper_match,0.35,1.896353091905727,0.01690367857615155,0.043581194347805385,0.05442286616245787,0.1352124430275201,0.03105988303820292,0.032231644789377845
3,143000,1,no_joint_caliper_match,0.75,3.8934441133745334,0.17126276757982029,0.19637967922069421,0.1844642113144074,0.20488020002263352,0.09284335772196453,0.09585097984031395
3,143000,3,no_joint_caliper_match,0.75,3.1047790648078557,0.2608623504638674,0.34518833513613134,0.1360013924390964,0.17447651404153006,0.19180858797497222,0.19784229243243182
3,143000,4,no_joint_caliper_match,0.35,3.0902425841000536,0.06663740674654639,0.10828374050281653,0.12142299333706172,0.18760126507239738,0.05488038543197844,0.05772015474460743
3,143000,5,no_joint_caliper_match,0.35,3.9214665736645467,0.08538224189369764,0.1038576496971978,0.17890985371831977,0.21323680364732223,0.047723610588797816,0.04870531161626179
3,143000,6,no_joint_caliper_match,0.5,4.4403381998512845,0.18358162045478832,0.10940025470874937,0.28844933193833217,0.15558448804612182,0.06364432159397337,0.07031565683859366
3,143000,8,no_joint_caliper_match,0.5,5.176779702686529,0.14737348092926872,0.1346048072532373,0.273074649522854,0.2446033207448485,0.0539682029022111,0.055029836407414184
3,143000,9,no_joint_caliper_match,0.35,3.923284597872752,0.04219034976429409,0.0935305047918249,0.1282008372676436,0.2641276225184962,0.032909574276871155,0.03541110312497175
3,143000,10,no_joint_caliper_match,0.75,1.3837312666359303,0.03274341203548292,0.10451721262048796,0.03429468118594899,0.10407844547750447,0.09547664799072125,0.10042157349763092
5,14000,1,no_joint_caliper_match,0.75,9.4204477996817,0.38449511704621486,0.39239122249461966,0.4626902841348714,0.4793544958321564,0.08309988997600698,0.0818582543620357
5,14000,2,no_joint_caliper_match,0.5,9.98243762074073,0.22544721431202364,0.20780566003587525,0.509207169461318,0.4890365926104541,0.044274163411723244,0.04249286519156562
5,14000,3,no_joint_caliper_match,0.5,4.451407185178109,0.09475223223368323,0.08732896380954325,0.2308437442150762,0.21429697430164646,0.04104604721069336,0.040751375092400455
5,14000,4,no_joint_caliper_match,0.5,1.3870973548934065,0.022510782436088284,0.06022253742924433,0.036491827751846666,0.10221790773726135,0.06168718812642274,0.05891583848882605
5,14000,5,no_joint_caliper_match,0.35,1.5520027067261046,0.032630400525199055,0.011452798490170724,0.11716013599047624,0.038040134681587214,0.027851111855771805,0.030107144956235524
5,14000,6,no_joint_caliper_match,0.35,2.1449712069675244,0.009889034761322829,0.04714971118503147,0.04008732732488753,0.17440979337105728,0.024668730547030768,0.027033866776360396
5,14000,7,no_joint_caliper_match,0.5,3.9929881049326283,0.14302394787470502,0.0033861884364377315,0.3910422843171785,0.008256526174995005,0.03657505942715539,0.0410122655056141
5,14000,8,no_joint_caliper_match,0.35,5.55512551498743,0.0681040838912681,0.06478621341564,0.27540828654839994,0.2801042649480183,0.024728407683195893,0.02312932058616919
5,14000,9,no_joint_caliper_match,0.5,5.823189211391241,0.13538551716892808,0.044063541624281055,0.4438050088353698,0.1385139123018641,0.03050563073268643,0.031811636024051244
5,14000,10,no_joint_caliper_match,0.35,4.802270683588168,0.06588995953400928,0.03582599427964964,0.2937376006950242,0.1864894676615124,0.02243157136771414,0.019210733307732476
5,72000,1,no_joint_caliper_match,0.75,5.377797335262239,0.26151030372690276,0.2663179856759529,0.2699278072511319,0.26785192627454396,0.09688157229511828,0.09942731768996627
5,72000,2,no_joint_caliper_match,0.75,5.794936492360648,0.24926694675728123,0.28571648067898237,0.26963816677078717,0.30985548246465,0.09244497904071103,0.09220959345499675
5,72000,3,no_joint_caliper_match,0.5,2.4520524078635786,0.02709911156583711,0.10496676409686073,0.04902455196923286,0.19618068881666967,0.05527661238555555,0.05350514606193259
5,72000,4,no_joint_caliper_match,0.5,7.013675920659384,0.3231880311612728,0.3067925417864762,0.36491008559767274,0.3364575064674846,0.08856648361241377,0.09118314672399448
5,72000,5,no_joint_caliper_match,0.35,8.855078065571778,0.2007865762269055,0.15169530444675028,0.5224781505958407,0.3630296559591088,0.03842965988097368,0.04178592628902858
5,72000,6,no_joint_caliper_match,0.35,6.244660361451491,0.10789324288015012,0.11693320450959371,0.30212809915702976,0.32233793698638485,0.03571109181201017,0.03627658773351599
5,72000,7,no_joint_caliper_match,0.5,3.7011835988949517,0.1719596595675857,0.038796336562544886,0.30840001435896064,0.06171834552988327,0.05575864188097142,0.06286029903977004
5,72000,8,no_joint_caliper_match,0.5,4.567498554848427,0.12453256050745648,0.12145599612483265,0.23054599184975857,0.22620386363423609,0.054016363289621144,0.05369315721370554
5,72000,9,no_joint_caliper_match,0.35,3.7883874634407566,0.042177001635233524,0.09030993779500329,0.12328631837578545,0.25555242796720673,0.03421061005857256,0.03533910380469427
5,72000,10,no_joint_caliper_match,0.35,6.25205441557264,0.11034599498466213,0.10895278718736434,0.3106675380959087,0.3145379034595726,0.035518997466122665,0.034639000892639146
5,143000,1,no_joint_caliper_match,0.75,2.829800760133926,0.12845383529309873,0.14324135250515402,0.13334600313068648,0.1496340728824114,0.09633122274169215,0.0957277642356025
5,143000,3,no_joint_caliper_match,0.5,2.743683592075647,0.13821659264741126,0.058520211113823994,0.19066362926166697,0.08370472994551499,0.0724923747557181,0.06991266939375136
5,143000,5,no_joint_caliper_match,0.35,2.8496990147282273,0.07575005072134505,0.06404341591729068,0.15610659356491835,0.1288633079073234,0.048524568367887426,0.04969872103797064
5,143000,6,no_joint_caliper_match,0.35,3.828800198371575,0.09023210958198258,0.08348192109002,0.19830308032049776,0.18457693951581586,0.0455021220224875,0.045228792561425105
5,143000,7,no_joint_caliper_match,0.5,4.614296354276513,0.2431501260510197,0.11006514231363929,0.3234591552163492,0.13797048021069885,0.07517181756319824,0.07977441416846383
5,143000,8,no_joint_caliper_match,0.5,3.1393836030449807,0.06770192473023018,0.096725825910215,0.12534909553736936,0.18858926476652893,0.054010700627609536,0.05128914735935354
5,143000,9,no_joint_caliper_match,0.5,1.6025201971810814,0.05286066510059223,0.024340664898907627,0.1097410911595185,0.05051092855825703,0.048168525154943825,0.04818890801182499
5,143000,10,no_joint_caliper_match,0.75,1.8835352338126836,0.10422491144250934,0.07522021399603951,0.10961188414172351,0.07874163923934716,0.09508541182235436,0.09552787409888373
6,14000,1,no_joint_caliper_match,0.75,10.018361942876762,0.38266820488152675,0.4258955054812962,0.4919538608412545,0.509882333445179,0.07778538504132518,0.08352819416258071
6,14000,2,no_joint_caliper_match,0.5,6.613563825774582,0.13678987931322173,0.12712843329818202,0.35753110255194803,0.3038252800238496,0.038259574715737946,0.04184261207227355
6,14000,3,no_joint_caliper_match,0.5,7.543369339001995,0.14830428361892706,0.14826980343571416,0.3964027663783976,0.3579341675198784,0.03741252488560148,0.04142376361069857
6,14000,4,no_joint_caliper_match,0.75,2.590799163266305,0.10281773187496035,0.19033253634417502,0.09381714323783452,0.16526277308856688,0.10959375688323268,0.11516963729151973
6,14000,6,no_joint_caliper_match,0.35,7.95346231159934,0.09719194195888661,0.08272635495221184,0.448533245599301,0.3468129855571092,0.021668837909345276,0.023853303768016667
6,14000,7,no_joint_caliper_match,0.5,3.8015416236633888,0.10607345678188179,0.02469672097100134,0.3185756447189003,0.06157851764632824,0.033296160123966356,0.040106066068013514
6,14000,8,no_joint_caliper_match,0.35,4.92772309268413,0.04075316698462875,0.07050044448287404,0.19374777942287805,0.29902452984334554,0.021034133710243083,0.0235768097418326
6,14000,9,no_joint_caliper_match,0.35,2.3205275634862383,0.024799068768819182,0.02203752376415105,0.123375463718841,0.10867729262863311,0.020100486775239308,0.020277946966665756
6,14000,10,no_joint_caliper_match,0.5,2.26883333393891,0.03314049266002794,0.04824644547921636,0.10030265082805767,0.1265806825651977,0.03304049532722544,0.03811517247447262
6,72000,1,no_joint_caliper_match,0.75,7.954640716251634,0.3895366589228312,0.3833172056410046,0.406160507052055,0.38930356457228965,0.09590707421302797,0.09846229023403592
6,72000,2,no_joint_caliper_match,0.5,8.989556849732564,0.20688514025123034,0.2155963491510463,0.4442231759297201,0.45473250904162343,0.04657234279093919,0.04741168596126415
6,72000,3,no_joint_caliper_match,0.75,7.723923636141574,0.2935257465751082,0.3354489361798322,0.3633229793628282,0.4090693842503808,0.08078920499042229,0.0820029435334382
6,72000,5,no_joint_caliper_match,0.35,7.4327928693579794,0.14180038262296601,0.1551696194542781,0.35814404495394253,0.38513524197999505,0.03959311473148841,0.04028964440027872
6,72000,6,no_joint_caliper_match,0.35,14.143030796256687,0.2284747941626443,0.25032265098006645,0.6760335242058076,0.7382695554156835,0.03379637044337061,0.033906673943554906
6,72000,7,no_joint_caliper_match,0.5,5.781856635718646,0.1989303341618291,0.13116341167026113,0.36002551969245444,0.2181601438783958,0.05525450927239877,0.06012253628836737
6,72000,8,no_joint_caliper_match,0.5,5.510396432878978,0.16229269239637584,0.11869655715094674,0.33243686865621264,0.21860277463060165,0.04881910151905483,0.054297827349768735
6,72000,9,no_joint_caliper_match,0.35,3.960766739241921,0.05630204523051224,0.07975155335885525,0.16417848536075466,0.23189818856228442,0.03429319323213013,0.034390761675658056
6,72000,10,no_joint_caliper_match,0.5,4.161108019058506,0.12428380714522463,0.07728560765584308,0.261080558500454,0.1550302434045373,0.047603623900148606,0.04985195530785455
6,143000,1,no_joint_caliper_match,0.75,6.027176343502298,0.27013515101538765,0.26915974087185324,0.3060143296241094,0.29670330472544665,0.08827532728513084,0.09071679910024007
6,143000,2,no_joint_caliper_match,0.75,6.234617670517803,0.24987830056084526,0.2633297178480358,0.30684621621036634,0.31661555084065646,0.08143437570995755,0.0831701782014635
6,143000,5,no_joint_caliper_match,0.35,6.50915578711299,0.19629236945399542,0.20232625360842105,0.3255586191510423,0.3253569595591936,0.06029401708532263,0.06218593076423362
6,143000,6,no_joint_caliper_match,0.35,8.236609729599778,0.19541063021730504,0.16143443849351669,0.4577731846651129,0.36588778829296326,0.042687216456289645,0.04412129720052084
6,143000,7,no_joint_caliper_match,0.5,1.4782067761429467,0.09601515090024015,0.017318548979582515,0.12644310293477912,0.02137757467932268,0.07593545924734187,0.08101269315790248
6,143000,8,no_joint_caliper_match,0.35,3.1913236063538633,0.0476192291136141,0.08502429502981673,0.11961667009057086,0.19951569054404686,0.03980986017871786,0.04261534258171365
6,143000,9,no_joint_caliper_match,0.5,4.5078634510001,0.12363276878992713,0.09688326164528177,0.2561434232354261,0.19464292186366222,0.048267008860905965,0.049774870166072155
6,143000,10,no_joint_caliper_match,0.75,1.5339832830773243,0.015458870817113946,0.1487704912821457,0.015253835399213841,0.13814449290837527,0.10134415648601675,0.10769194497002497
8,14000,1,no_joint_caliper_match,0.5,2.188842983673106,0.05394231941964889,0.029054235529016426,0.14185896138012286,0.07702533698661045,0.03802531676159965,0.037720361462345815
8,14000,2,no_joint_caliper_match,0.5,7.252286482306207,0.1651939584149255,0.14743956813105835,0.388580795458679,0.33664785277025905,0.04251212626695633,0.04379637859485768
8,14000,3,no_joint_caliper_match,0.5,8.147825429782237,0.20890284357247518,0.1347095613126401,0.4991622565168098,0.3156202864594819,0.04185068899834598,0.042680894445489954
8,14000,5,no_joint_caliper_match,0.35,2.5485459973339624,0.05071324772304961,0.013813354350902196,0.2057710902743436,0.04908350945804335,0.02464546776480145,0.02814255643773962
8,14000,6,no_joint_caliper_match,0.35,5.058394365738202,0.06354013637260156,0.051394109372739166,0.2906248085147729,0.2152146280568168,0.021863287135406778,0.023880397831952144
8,14000,7,no_joint_caliper_match,0.35,3.3776359182338647,0.00840053017492648,0.07927222605104828,0.03698133936117443,0.300782252460908,0.022715592025606718,0.02635535354967472
8,14000,8,no_joint_caliper_match,0.5,3.3180409379741667,0.04153722855779862,0.08528406531722432,0.12059375051624126,0.21121034328030225,0.03444393128156662,0.04037873524206654
8,14000,10,no_joint_caliper_match,0.5,3.506908615533802,0.07265991193276866,0.042736450831095285,0.2238084194844747,0.1268824420678394,0.032465227224208686,0.03368192646238538
8,72000,1,no_joint_caliper_match,0.75,8.220114673726462,0.3783332286057651,0.3900381194220649,0.4067141876407171,0.4152972797310497,0.09302189107294437,0.09391781224144831
8,72000,2,no_joint_caliper_match,0.75,9.113943492384948,0.34503243808393114,0.4104619732609498,0.4133527912937579,0.49804155794363725,0.08347166037117992,0.08241520546100758
8,72000,3,no_joint_caliper_match,0.75,7.005677668854306,0.2246974220982303,0.34371839629279255,0.2774250892264402,0.42314267765812696,0.08099390820220664,0.08122990528742473
8,72000,4,no_joint_caliper_match,0.75,5.613474834848445,0.4344153536690607,0.5024153568126535,0.2622413983423353,0.2991060851421728,0.16565475795004103,0.1679722953725744
8,72000,5,no_joint_caliper_match,0.35,5.744380578718534,0.11242646199685558,0.09388754102918828,0.31809734031807474,0.2563407175521789,0.03534341465543818,0.03662607404920792
8,72000,6,no_joint_caliper_match,0.35,3.457603585910495,0.08126259512371486,0.04655863620616785,0.22305978181902916,0.12270057677108476,0.03643085923459795,0.03794492041623151
8,72000,8,no_joint_caliper_match,0.5,2.5337552284036837,0.007991635137134079,0.1526961149992767,0.013855411427188711,0.2395201114127799,0.057678800655735864,0.06375085336190683
8,143000,1,no_joint_caliper_match,0.75,9.055169800800014,0.39135858526936274,0.4107931101763689,0.43790711258332216,0.46760986749565703,0.08937022807421509,0.08784953841456662
8,143000,2,no_joint_caliper_match,0.75,4.267804314687749,0.16703079806433785,0.19758968000058774,0.19231906179824537,0.2344613696700299,0.08685088025199042,0.0842738743181582
8,143000,4,no_joint_caliper_match,0.75,5.012005363417469,0.45174766469884786,0.5714193803292733,0.22246260569003987,0.27873793065146146,0.20306678657178523,0.20500237588529235
8,143000,5,no_joint_caliper_match,0.35,3.027217144771764,0.0804512202739715,0.07151052686903248,0.16491004332362746,0.13781167115294538,0.04878491246038013,0.05189003679487441
8,143000,6,no_joint_caliper_match,0.35,2.6173523520031097,0.0806413248733237,0.04944255616929788,0.1651844386559272,0.09655079654385691,0.048818959902834004,0.051208853721618666
8,143000,8,no_joint_caliper_match,0.5,6.392118168540209,0.15473299335550383,0.2806151707967125,0.23965699429169604,0.3995548225613849,0.06456435532481582,0.07023195690578886
8,143000,9,no_joint_caliper_match,0.5,6.006490989879259,0.1511565524118918,0.1435143152872722,0.30801020300111115,0.29263889598559045,0.04907517703594985,0.04904143545362686
8,143000,10,no_joint_caliper_match,0.75,3.6506045789541948,0.1945662630928887,0.1752040121290418,0.1930947258712623,0.17196573202379672,0.1007620804839664,0.10188309616512724
