run_id,step,progress,layer,top1_agreement,top1_damage,nll_damage,kl,family,catastrophic
2,14000,0.0979020979020979,1,0.5939670138888888,0.40603298611111116,0.6313015884823269,0.5876143508487278,block_deletion,False
2,14000,0.0979020979020979,2,0.5553385416666666,0.4446614583333333,0.7525731987423366,0.6941122081544665,block_deletion,False
2,14000,0.0979020979020979,3,0.523654513888889,0.4763454861111111,0.7743501398298474,0.7652236223220825,block_deletion,False
2,14000,0.0979020979020979,4,0.7046440972222222,0.2953559027777778,0.29923613866170246,0.262666051586469,block_deletion,False
2,14000,0.0979020979020979,5,0.6794704861111112,0.3205295138888889,0.3676611582438154,0.3018526766035292,block_deletion,False
2,14000,0.0979020979020979,6,0.7400173611111112,0.2599826388888889,0.2089083989461266,0.1849737829632229,block_deletion,False
2,14000,0.0979020979020979,7,0.7081163194444443,0.2918836805555556,0.23603468471103253,0.25317857828405166,block_deletion,False
2,14000,0.0979020979020979,8,0.6903211805555555,0.3096788194444445,0.33424403932359475,0.24400135709179774,block_deletion,False
2,14000,0.0979020979020979,9,0.7194010416666666,0.28059895833333337,0.2148643864525687,0.21019462082121107,block_deletion,False
2,14000,0.0979020979020979,10,0.6929253472222222,0.3070746527777778,0.32094449467129166,0.2904930694235696,block_deletion,False
2,72000,0.5034965034965035,1,0.5164930555555556,0.4835069444444444,0.9494883219401044,0.9493300782309637,block_deletion,False
2,72000,0.5034965034965035,2,0.49782986111111116,0.5021701388888888,0.9390635490417482,0.92882463004854,block_deletion,False
2,72000,0.5034965034965035,3,0.5032552083333334,0.4967447916666667,0.8943626085917153,0.8842032485538058,block_deletion,False
2,72000,0.5034965034965035,4,0.6905381944444445,0.3094618055555555,0.3406482802497017,0.3037220537662506,block_deletion,False
2,72000,0.5034965034965035,5,0.6538628472222222,0.34613715277777785,0.46446243921915703,0.3947205775313907,block_deletion,False
2,72000,0.5034965034965035,6,0.6983506944444443,0.3016493055555556,0.2966276009877524,0.2554864916536543,block_deletion,False
2,72000,0.5034965034965035,7,0.656032986111111,0.3439670138888889,0.3660224808586971,0.3825724124908447,block_deletion,False
2,72000,0.5034965034965035,8,0.6451822916666666,0.3548177083333333,0.5048611164093016,0.371453324953715,block_deletion,False
2,72000,0.5034965034965035,9,0.6566840277777778,0.34331597222222215,0.3771826161278618,0.3535401688681708,block_deletion,False
2,72000,0.5034965034965035,10,0.6284722222222222,0.37152777777777785,0.5656325022379556,0.5688886642456055,block_deletion,False
2,143000,1.0,1,0.48090277777777773,0.5190972222222222,1.0317671828799777,1.0257128013504875,block_deletion,False
2,143000,1.0,2,0.4420572916666667,0.5579427083333333,1.209634330537584,1.2016478247112696,block_deletion,False
2,143000,1.0,3,0.4186197916666667,0.5813802083333333,1.227257172266642,1.250755018658108,block_deletion,False
2,143000,1.0,4,0.6438802083333334,0.3561197916666667,0.4097302754720051,0.39459201362397933,block_deletion,False
2,143000,1.0,5,0.5768229166666666,0.4231770833333333,0.6294175518883601,0.5600684947437711,block_deletion,False
2,143000,1.0,6,0.6499565972222222,0.35004340277777785,0.39757010671827525,0.3667832811673482,block_deletion,False
2,143000,1.0,7,0.5633680555555555,0.4366319444444445,0.5878107017940946,0.6537510553995768,block_deletion,False
2,143000,1.0,8,0.6213107638888888,0.37868923611111116,0.48765325546264665,0.39108974072668284,block_deletion,False
2,143000,1.0,9,0.66796875,0.33203125,0.36736673778957796,0.36895714203516644,block_deletion,False
2,143000,1.0,10,0.501953125,0.498046875,1.0224942366282146,1.0224928392304315,block_deletion,False
3,14000,0.0979020979020979,1,0.5635850694444444,0.4364149305555556,0.718385034137302,0.6331983407338461,block_deletion,False
3,14000,0.0979020979020979,2,0.603515625,0.396484375,0.5203430122799345,0.5016940666569604,block_deletion,False
3,14000,0.0979020979020979,3,0.4270833333333333,0.5729166666666666,1.2564765877193873,1.1653783188925848,block_deletion,False
3,14000,0.0979020979020979,4,0.6304253472222222,0.36957465277777785,0.4601081477271185,0.4211405383216011,block_deletion,False
3,14000,0.0979020979020979,5,0.711154513888889,0.2888454861111111,0.30399261580573206,0.2574349194765091,block_deletion,False
3,14000,0.0979020979020979,6,0.677951388888889,0.3220486111111111,0.40075892872280566,0.2951902614699469,block_deletion,False
3,14000,0.0979020979020979,7,0.7183159722222223,0.28168402777777773,0.2768083678351507,0.19824758337603673,block_deletion,False
3,14000,0.0979020979020979,8,0.7454427083333334,0.25455729166666663,0.2021975252363418,0.19522787464989555,block_deletion,False
3,14000,0.0979020979020979,9,0.720703125,0.27929687499999994,0.2110987769232855,0.20994527803526983,block_deletion,False
3,14000,0.0979020979020979,10,0.7016059027777778,0.2983940972222222,0.29543153444925974,0.2584894531302982,block_deletion,False
3,72000,0.5034965034965035,1,0.5442708333333334,0.4557291666666667,0.8519875208536782,0.8216641214158799,block_deletion,False
3,72000,0.5034965034965035,2,0.53515625,0.46484375,0.798615190717909,0.8010647826724583,block_deletion,False
3,72000,0.5034965034965035,3,0.35004340277777785,0.6499565972222222,1.7594680786132812,1.7865699529647827,block_deletion,False
3,72000,0.5034965034965035,4,0.6354166666666666,0.3645833333333333,0.43734224637349434,0.42071168290244204,block_deletion,False
3,72000,0.5034965034965035,5,0.6953125,0.3046875,0.2731298870510523,0.2777864734331767,block_deletion,False
3,72000,0.5034965034965035,6,0.6440972222222222,0.35590277777777785,0.43180523978339275,0.39168943630324465,block_deletion,False
3,72000,0.5034965034965035,7,0.6872829861111112,0.3127170138888889,0.3155109087626138,0.2644923726717631,block_deletion,False
3,72000,0.5034965034965035,8,0.6586371527777778,0.34136284722222215,0.4042413499620223,0.3690718511740367,block_deletion,False
3,72000,0.5034965034965035,9,0.6877170138888888,0.3122829861111111,0.34410704506768114,0.319050669670105,block_deletion,False
3,72000,0.5034965034965035,10,0.636935763888889,0.3630642361111111,0.5195619265238443,0.4807328250673082,block_deletion,False
3,143000,1.0,1,0.5251736111111112,0.47482638888888884,0.8603199587927923,0.8428021934297351,block_deletion,False
3,143000,1.0,2,0.4908854166666667,0.5091145833333334,0.9460280471377903,0.9341029723485311,block_deletion,False
3,143000,1.0,3,0.3435329861111111,0.656467013888889,1.8058287567562525,1.7876547045177882,block_deletion,False
3,143000,1.0,4,0.5805121527777778,0.41948784722222227,0.6313434176974825,0.5821225576930575,block_deletion,False
3,143000,1.0,5,0.6143663194444444,0.3856336805555556,0.5389819410112168,0.519927226834827,block_deletion,False
3,143000,1.0,6,0.5850694444444445,0.4149305555555555,0.6484564410315619,0.5446524057123395,block_deletion,False
3,143000,1.0,7,0.6614583333333334,0.3385416666666667,0.3853916856977673,0.32963044113583034,block_deletion,False
3,143000,1.0,8,0.634765625,0.365234375,0.48299596044752313,0.4659952885574765,block_deletion,False
3,143000,1.0,9,0.67578125,0.32421875,0.4008762836456299,0.3501909176508586,block_deletion,False
3,143000,1.0,10,0.4971788194444444,0.5028211805555556,1.0564743412865532,0.9711381859249539,block_deletion,False
5,14000,0.0979020979020979,1,0.5807291666666666,0.4192708333333333,0.622386932373047,0.6387513412369622,block_deletion,False
5,14000,0.0979020979020979,2,0.5946180555555556,0.4053819444444444,0.5288314819335939,0.5554652412732443,block_deletion,False
5,14000,0.0979020979020979,3,0.6202256944444445,0.3797743055555555,0.45117823282877617,0.4578365882237752,block_deletion,False
5,14000,0.0979020979020979,4,0.568359375,0.431640625,0.5590471161736382,0.6056164900461832,block_deletion,False
5,14000,0.0979020979020979,5,0.7137586805555557,0.2862413194444444,0.3067978488074406,0.2621959182951185,block_deletion,False
5,14000,0.0979020979020979,6,0.7085503472222222,0.2914496527777778,0.29391352335611964,0.24174278808964625,block_deletion,False
5,14000,0.0979020979020979,7,0.6647135416666666,0.3352864583333333,0.4118157492743599,0.2942386203342014,block_deletion,False
5,14000,0.0979020979020979,8,0.6907552083333334,0.3092447916666667,0.2636863125695119,0.28133611877759296,block_deletion,False
5,14000,0.0979020979020979,9,0.7139756944444443,0.2860243055555556,0.2960845894283719,0.23736354874240026,block_deletion,False
5,14000,0.0979020979020979,10,0.7055121527777777,0.29448784722222227,0.21002033021714958,0.25726069344414604,block_deletion,False
5,72000,0.5034965034965035,1,0.5492621527777778,0.45073784722222215,0.8611141840616862,0.8380605710877312,block_deletion,False
5,72000,0.5034965034965035,2,0.54296875,0.45703125,0.7792376942104763,0.7998163170284696,block_deletion,False
5,72000,0.5034965034965035,3,0.60546875,0.39453125,0.4825680785708955,0.539216568072637,block_deletion,False
5,72000,0.5034965034965035,4,0.5512152777777778,0.44878472222222215,0.7584351963467068,0.7240708205435012,block_deletion,False
5,72000,0.5034965034965035,5,0.7016059027777778,0.2983940972222222,0.34201161066691066,0.283903310696284,block_deletion,False
5,72000,0.5034965034965035,6,0.6842447916666666,0.3157552083333333,0.304299275080363,0.3031642966800266,block_deletion,False
5,72000,0.5034965034965035,7,0.6141493055555555,0.3858506944444445,0.609204822116428,0.4716065890259213,block_deletion,False
5,72000,0.5034965034965035,8,0.6217447916666666,0.3782552083333333,0.47620357407463904,0.4778973526424832,block_deletion,False
5,72000,0.5034965034965035,9,0.6703559027777778,0.3296440972222222,0.39854600694444436,0.3631946014033423,block_deletion,False
5,72000,0.5034965034965035,10,0.6759982638888888,0.3240017361111111,0.4008664025200736,0.4103629721535577,block_deletion,False
5,143000,1.0,1,0.5154079861111112,0.48459201388888884,0.885656966103448,0.899085309770372,block_deletion,False
5,143000,1.0,2,0.4752604166666667,0.5247395833333334,1.0174618032243514,1.0421509676509433,block_deletion,False
5,143000,1.0,3,0.545138888888889,0.4548611111111111,0.7283867994944256,0.7940320438808866,block_deletion,False
5,143000,1.0,4,0.4654947916666667,0.5345052083333334,1.1163584656185574,1.0863103667895,block_deletion,False
5,143000,1.0,5,0.6286892361111112,0.37131076388888884,0.46496550242106105,0.4473706583182017,block_deletion,False
5,143000,1.0,6,0.6395399305555555,0.3604600694444445,0.41054696506924104,0.40990516543388367,block_deletion,False
5,143000,1.0,7,0.5805121527777778,0.41948784722222227,0.7427115705278186,0.6301431126064725,block_deletion,False
5,143000,1.0,8,0.625,0.375,0.4645285606384279,0.5062560439109802,block_deletion,False
5,143000,1.0,9,0.6449652777777778,0.35503472222222215,0.46971874766879607,0.4552549189991421,block_deletion,False
5,143000,1.0,10,0.5381944444444445,0.4618055555555555,0.9176686339908176,0.8987416625022888,block_deletion,False
6,14000,0.0979020979020979,1,0.5846354166666666,0.4153645833333333,0.6223341888851589,0.5865197479724884,block_deletion,False
6,14000,0.0979020979020979,2,0.6282552083333334,0.3717447916666667,0.48199033737182645,0.4509906868139903,block_deletion,False
6,14000,0.0979020979020979,3,0.626953125,0.373046875,0.48837253782484275,0.4482773906654782,block_deletion,False
6,14000,0.0979020979020979,4,0.4563802083333333,0.5436197916666666,1.0565301047431097,1.0445287028948467,block_deletion,False
6,14000,0.0979020979020979,5,0.7202690972222223,0.27973090277777773,0.2909433576795791,0.26503551999727887,block_deletion,False
6,14000,0.0979020979020979,6,0.7562934027777778,0.2437065972222222,0.19716986020406072,0.1680924081140094,block_deletion,False
6,14000,0.0979020979020979,7,0.6861979166666666,0.3138020833333333,0.38871230019463443,0.2799248728487227,block_deletion,False
6,14000,0.0979020979020979,8,0.7087673611111112,0.2912326388888889,0.27101831965976303,0.2307179205947452,block_deletion,False
6,14000,0.0979020979020979,9,0.7237413194444445,0.2762586805555555,0.2137982315487331,0.21340440213680267,block_deletion,False
6,14000,0.0979020979020979,10,0.6907552083333334,0.3092447916666667,0.4052749474843343,0.3138347069422404,block_deletion,False
6,72000,0.5034965034965035,1,0.5733506944444444,0.4266493055555556,0.7929642995198569,0.7643024126688639,block_deletion,False
6,72000,0.5034965034965035,2,0.6095920138888888,0.39040798611111116,0.5819150341881646,0.5691659980350071,block_deletion,False
6,72000,0.5034965034965035,3,0.5705295138888888,0.42947048611111116,0.652304967244466,0.6611291766166687,block_deletion,False
6,72000,0.5034965034965035,4,0.3307291666666667,0.6692708333333334,1.7505127059088814,1.7777680026160347,block_deletion,False
6,72000,0.5034965034965035,5,0.689670138888889,0.3103298611111111,0.32531163427564813,0.32503095600340104,block_deletion,False
6,72000,0.5034965034965035,6,0.7293836805555555,0.2706163194444445,0.2139054139455158,0.22372630735238394,block_deletion,False
6,72000,0.5034965034965035,7,0.640842013888889,0.3591579861111111,0.5356436570485431,0.45307992564307314,block_deletion,False
6,72000,0.5034965034965035,8,0.6278211805555556,0.3721788194444444,0.48362999492221403,0.4070446689923604,block_deletion,False
6,72000,0.5034965034965035,9,0.6603732638888888,0.33962673611111116,0.38378339343600815,0.37108295493655735,block_deletion,False
6,72000,0.5034965034965035,10,0.6729600694444445,0.3270399305555555,0.4598767492506239,0.4138943354288737,block_deletion,False
6,143000,1.0,1,0.5499131944444445,0.4500868055555555,0.7725881205664741,0.7476856973436145,block_deletion,False
6,143000,1.0,2,0.552734375,0.447265625,0.700036923090617,0.6894046068191528,block_deletion,False
6,143000,1.0,3,0.5106336805555555,0.4893663194444445,0.8161831167009143,0.8249830868509079,block_deletion,False
6,143000,1.0,4,0.3025173611111111,0.697482638888889,1.937442382176717,1.9717504978179932,block_deletion,False
6,143000,1.0,5,0.5451388888888888,0.45486111111111116,0.7230224344465467,0.701086355580224,block_deletion,False
6,143000,1.0,6,0.6592881944444444,0.3407118055555556,0.36049575275845,0.32916684945424396,block_deletion,False
6,143000,1.0,7,0.5379774305555555,0.4620225694444445,0.8014676570892335,0.7113470170232986,block_deletion,False
6,143000,1.0,8,0.6297743055555556,0.3702256944444444,0.4686655733320448,0.4219082163439856,block_deletion,False
6,143000,1.0,9,0.6195746527777778,0.38042534722222227,0.4493070708380806,0.42085370421409607,block_deletion,False
6,143000,1.0,10,0.4754774305555555,0.5245225694444445,1.1513046953413224,1.0211710002687242,block_deletion,False
8,14000,0.0979020979020979,1,0.6597222222222222,0.34027777777777785,0.39173073238796635,0.4072243273258209,block_deletion,False
8,14000,0.0979020979020979,2,0.613498263888889,0.3865017361111111,0.5116835700141059,0.5077182418770261,block_deletion,False
8,14000,0.0979020979020979,3,0.6102430555555555,0.3897569444444445,0.4941637251112196,0.5229583117696973,block_deletion,False
8,14000,0.0979020979020979,4,0.4283854166666667,0.5716145833333334,1.2176927460564504,1.222296569082472,block_deletion,False
8,14000,0.0979020979020979,5,0.722439236111111,0.2775607638888889,0.2745188872019451,0.2210980537864897,block_deletion,False
8,14000,0.0979020979020979,6,0.7456597222222223,0.25434027777777773,0.21310692363315184,0.18686280316776702,block_deletion,False
8,14000,0.0979020979020979,7,0.7013888888888888,0.2986111111111111,0.3031896485222713,0.23135618534353042,block_deletion,False
8,14000,0.0979020979020979,8,0.6861979166666666,0.3138020833333333,0.44642938507927754,0.3236706985367669,block_deletion,False
8,14000,0.0979020979020979,9,0.7369791666666666,0.2630208333333333,0.18868380122714568,0.20558327767584061,block_deletion,False
8,14000,0.0979020979020979,10,0.691189236111111,0.3088107638888889,0.31545103920830614,0.28832231627570254,block_deletion,False
8,72000,0.5034965034965035,1,0.5616319444444445,0.4383680555555555,0.7441590627034506,0.741052296426561,block_deletion,False
8,72000,0.5034965034965035,2,0.5759548611111112,0.42404513888888884,0.6189210679796009,0.6622003846698337,block_deletion,False
8,72000,0.5034965034965035,3,0.5648871527777778,0.43511284722222215,0.6404398547278509,0.6975903709729513,block_deletion,False
8,72000,0.5034965034965035,4,0.3791232638888889,0.620876736111111,1.4285152753194172,1.43933990266588,block_deletion,False
8,72000,0.5034965034965035,5,0.693576388888889,0.3064236111111111,0.319316969977485,0.297220915555954,block_deletion,False
8,72000,0.5034965034965035,6,0.685546875,0.31445312499999994,0.3561698860592311,0.32367729478412205,block_deletion,False
8,72000,0.5034965034965035,7,0.6653645833333334,0.3346354166666667,0.3360793325636123,0.3421697583463457,block_deletion,False
8,72000,0.5034965034965035,8,0.5828993055555555,0.4171006944444445,0.7138565911187067,0.5807838241259257,block_deletion,False
8,72000,0.5034965034965035,9,0.697265625,0.30273437500000006,0.29945537779066306,0.30478105942408246,block_deletion,False
8,72000,0.5034965034965035,10,0.6929253472222222,0.3070746527777778,0.48912805981106217,0.4546317756175995,block_deletion,False
8,143000,1.0,1,0.5670572916666666,0.4329427083333333,0.6730988290574818,0.6980229881074694,block_deletion,False
8,143000,1.0,2,0.5414496527777778,0.45855034722222215,0.7439439031812881,0.7849934034877353,block_deletion,False
8,143000,1.0,3,0.5028211805555555,0.4971788194444445,0.9007845454745823,0.9562838276227316,block_deletion,False
8,143000,1.0,4,0.3109809027777778,0.6890190972222222,1.764314068688287,1.8047940333684285,block_deletion,False
8,143000,1.0,5,0.6460503472222222,0.35394965277777785,0.4831451045142279,0.44762351446681553,block_deletion,False
8,143000,1.0,6,0.6375868055555556,0.3624131944444444,0.4873672591315377,0.4478689365916782,block_deletion,False
8,143000,1.0,7,0.6082899305555555,0.3917100694444445,0.47159806887308786,0.45761813057793505,block_deletion,False
8,143000,1.0,8,0.5494791666666666,0.4505208333333333,0.8426271544562448,0.7230100499259101,block_deletion,False
8,143000,1.0,9,0.646267361111111,0.3537326388888889,0.4186571968926325,0.4151734941535526,block_deletion,False
8,143000,1.0,10,0.5394965277777778,0.46050347222222215,0.9312289555867513,0.9103376732932197,block_deletion,False
