target_id,run_id,truth,prediction
r2_s14000_l1,2,0.007740162037037,0.0045490987117776625
r2_s14000_l2,2,0.0028211805555555,-0.006271131659401073
r2_s14000_l3,2,-0.0341435185185184,-0.016296958423605255
r2_s14000_l4,2,-0.0138888888888888,-0.03207525019111719
r2_s14000_l6,2,-0.0250289351851851,-0.03789502720988777
r2_s14000_l9,2,-0.0378327546296295,-0.02724143529752248
r2_s14000_l10,2,0.0020254629629629,0.006534306309968284
r2_s72000_l1,2,-0.0008680555555555,-0.0016325155964503485
r2_s72000_l2,2,-0.0199652777777777,-0.013671249064748849
r2_s72000_l3,2,-0.0490451388888888,-0.015062177391638912
r2_s72000_l7,2,-0.0407262731481481,-0.04958028470991064
r2_s72000_l9,2,-0.035011574074074,-0.020840593442242848
r2_s72000_l10,2,0.0251012731481481,0.015682163466975547
r2_s143000_l1,2,-0.0036892361111111,-0.005007436976533873
r2_s143000_l2,2,-0.007740162037037,-0.01833414259570932
r2_s143000_l3,2,-0.0593894675925925,-0.011775210118907444
r2_s143000_l4,2,-0.0237991898148148,-0.030183453501233595
r2_s143000_l6,2,-0.0337094907407407,-0.0334508063587822
r2_s143000_l9,2,-0.0167100694444444,-0.016232497889698452
r2_s143000_l10,2,0.0240162037037037,0.01539306831550386
r3_s14000_l1,3,0.0036892361111111,0.003890790518034381
r3_s14000_l2,3,-0.017505787037037,-0.0034122487336819152
r3_s14000_l3,3,-0.0251012731481481,-0.040344715433882565
r3_s14000_l4,3,-0.0266203703703703,-0.027059821582441163
r3_s14000_l5,3,-0.0141782407407407,-0.025423972893796193
r3_s14000_l8,3,-0.0128761574074074,-0.017234904073977313
r3_s14000_l9,3,-0.0264033564814814,-0.025832395009444193
r3_s14000_l10,3,-0.0052806712962962,0.02049285514592255
r3_s72000_l1,3,0.0108506944444444,0.003239256510587679
r3_s72000_l2,3,-0.0045572916666666,-0.01113771289383007
r3_s72000_l3,3,-0.0324797453703704,-0.0566800099346542
r3_s72000_l4,3,-0.0329861111111111,-0.02877966424001572
r3_s72000_l5,3,-0.0394965277777777,-0.02828077480728946
r3_s72000_l6,3,-0.0380497685185185,-0.041764102111325925
r3_s72000_l8,3,-0.0248119212962963,-0.023541082557163487
r3_s72000_l9,3,-0.0130208333333333,-0.022023138050160703
r3_s72000_l10,3,0.0085358796296296,0.023778290061986118
r3_s143000_l1,3,0.0043402777777777,0.003216005253054564
r3_s143000_l2,3,-0.0169270833333333,-0.011990945127325583
r3_s143000_l3,3,-0.0373263888888889,-0.049905913799133034
r3_s143000_l4,3,-0.0380497685185185,-0.020868448267082212
r3_s143000_l5,3,-0.0321180555555555,-0.018602450451720928
r3_s143000_l8,3,0.0026041666666666,-0.010146274649561426
r3_s143000_l10,3,0.023365162037037,0.027022753835721128
r5_s14000_l1,5,0.0012297453703704,0.0002121023678500623
r5_s14000_l2,5,-0.0060040509259259,-0.003015896730799706
r5_s14000_l3,5,-0.0089699074074074,-0.012819312922083957
r5_s14000_l4,5,-0.0322627314814814,-0.030153810748794047
r5_s14000_l8,5,-0.0142505787037037,-0.017351996480507816
r5_s72000_l1,5,0.0188802083333333,-0.0021743266310536276
r5_s72000_l2,5,-0.0055700231481481,-0.008476323756738412
r5_s72000_l4,5,-0.0270543981481481,-0.032311326753566044
r5_s72000_l6,5,-0.0426070601851852,-0.02780202229402254
r5_s72000_l8,5,-0.0146846064814815,-0.01702157426731476
r5_s72000_l10,5,0.015552662037037,0.02129098877053504
r5_s143000_l1,5,0.0003616898148147,-0.0031970154399420933
r5_s143000_l2,5,-0.0217737268518519,-0.015813565313564443
r5_s143000_l4,5,-0.0344328703703703,-0.03943826461940815
r5_s143000_l5,5,-0.033058449074074,-0.02208087217260487
r5_s143000_l6,5,-0.0434027777777777,-0.02693622049404352
r5_s143000_l8,5,-0.0050636574074074,-0.017452958783222807
r5_s143000_l9,5,-0.0026765046296295,-0.020256452700630995
r5_s143000_l10,5,0.0304542824074073,0.01885602044225705
r6_s14000_l1,6,-0.0122251157407407,0.008654278315517986
r6_s14000_l2,6,-0.0125868055555555,0.0019331601103239632
r6_s14000_l3,6,-0.0050636574074073,-0.01728135733377835
r6_s14000_l4,6,-0.0384837962962962,-0.035668520285470504
r6_s14000_l5,6,-0.0129484953703704,-0.023658737787718463
r6_s14000_l8,6,-0.0266927083333333,-0.020943797054200287
r6_s14000_l9,6,-0.029224537037037,-0.0241146500933342
r6_s72000_l1,6,0.013671875,0.005948658551860058
r6_s72000_l2,6,0.0094039351851852,-0.0033366588637782375
r6_s72000_l3,6,-0.0141059027777777,-0.027829636443001484
r6_s72000_l4,6,-0.0598958333333333,-0.046932009341792924
r6_s72000_l5,6,-0.0314670138888888,-0.0305868736507463
r6_s72000_l6,6,-0.0439091435185185,-0.038557436118295416
r6_s72000_l9,6,-0.0215567129629629,-0.0221955137939093
r6_s143000_l1,6,0.0089699074074073,0.003589093207320891
r6_s143000_l2,6,0.001880787037037,-0.011652236350716424
r6_s143000_l3,6,0.0035445601851851,-0.04198679789210627
r6_s143000_l4,6,-0.0481047453703703,-0.04312460524337948
r6_s143000_l5,6,-0.0313946759259259,-0.03482474737307059
r6_s143000_l8,6,-0.0333478009259259,-0.003954698781264426
r6_s143000_l9,6,-0.0298755787037037,-0.003986298117941364
r8_s14000_l1,8,-0.0008680555555555,0.017245741644464484
r8_s14000_l2,8,-0.0137442129629629,-0.006164517051961752
r8_s14000_l4,8,-0.0251736111111111,-0.041160799112884366
r8_s14000_l6,8,-0.017433449074074,-0.03766448928757736
r8_s14000_l9,8,-0.027199074074074,-0.029395086214643405
r8_s72000_l1,8,0.0020978009259259,0.007092388008663949
r8_s72000_l2,8,-0.0062934027777777,-0.004120657818089096
r8_s72000_l4,8,-0.0511429398148148,-0.03745310953894215
r8_s72000_l5,8,-0.0261140046296296,-0.02670222768373626
r8_s72000_l7,8,-0.0452112268518518,-0.04013796083777134
r8_s72000_l9,8,-0.01171875,-0.02198199609811854
r8_s143000_l1,8,0.0004340277777777,0.007370370938503806
r8_s143000_l2,8,-0.0081741898148147,-0.00871596337000868
r8_s143000_l4,8,-0.0786313657407408,-0.05035197069870859
r8_s143000_l5,8,-0.0219907407407407,-0.0283703687384801
r8_s143000_l6,8,-0.0285011574074073,-0.03417042660838812
r8_s143000_l7,8,-0.0517216435185184,-0.04033506252094675
r8_s143000_l9,8,-0.0180844907407407,-0.022994381480571733
r8_s143000_l10,8,0.0355902777777777,0.02130104032612669
