target_id,run_id,step,layer,family_residual,block_ds,noise_ds,corrected_topk_residual,corrected_argmax_residual,topk_correction,argmax_correction
r2_s14000_l1,2,14000,1,0.0062210648148148,0.4060329861111111,0.4122540509259259,0.00723379629629628,0.007740162037037035,0.00101273148148148,0.001519097222222235
r2_s14000_l2,2,14000,2,0.001953125,0.4446614583333333,0.4466145833333333,0.0028935185185185452,0.0028211805555555247,0.0009403935185185452,0.0008680555555555247
r2_s14000_l3,2,14000,3,-0.0343605324074073,0.4763454861111111,0.4419849537037037,-0.03399884259259256,-0.03414351851851849,0.00036168981481474183,0.0002170138888888118
r2_s14000_l4,2,14000,4,-0.0134548611111111,0.2953559027777778,0.2819010416666666,-0.01302083333333337,-0.013888888888888895,0.0004340277777777294,-0.0004340277777777953
r2_s14000_l6,2,14000,6,-0.0252459490740741,0.2599826388888889,0.2347366898148147,-0.024594907407407413,-0.025028935185185175,0.0006510416666666886,0.00021701388888892628
r2_s14000_l9,2,14000,9,-0.0380497685185185,0.2805989583333333,0.2425491898148147,-0.03804976851851849,-0.037832754629629595,6.938893903907228e-18,0.000217013888888902
r2_s14000_l10,2,14000,10,0.001808449074074,0.3070746527777778,0.3088831018518518,0.00224247685185186,0.002025462962962965,0.00043402777777786015,0.0002170138888889651
r2_s72000_l1,2,72000,1,-0.0008680555555555,0.4835069444444444,0.4826388888888888,-0.00014467592592587453,-0.0008680555555555247,0.0007233796296296255,-2.47198095326695e-17
r2_s72000_l2,2,72000,2,-0.0199652777777776,0.5021701388888888,0.4822048611111111,-0.01916956018518512,-0.019965277777777735,0.0007957175925924799,-1.3530843112619095e-16
r2_s72000_l3,2,72000,3,-0.0494791666666666,0.4967447916666667,0.447265625,-0.048900462962962965,-0.049045138888888895,0.0005787037037036369,0.00043402777777770685
r2_s72000_l7,2,72000,7,-0.0411603009259259,0.3439670138888889,0.3028067129629629,-0.041521990740740755,-0.04072627314814814,-0.00036168981481485285,0.00043402777777776236
r2_s72000_l9,2,72000,9,-0.036747685185185,0.3433159722222221,0.3065682870370371,-0.03696469907407407,-0.03501157407407407,-0.00021701388888906853,0.0017361111111109315
r2_s72000_l10,2,72000,10,0.0244502314814815,0.3715277777777778,0.3959780092592593,0.025173611111111105,0.02510127314814814,0.0007233796296296051,0.0006510416666666401
r2_s143000_l1,2,143000,1,-0.0043402777777777,0.5190972222222222,0.5147569444444444,-0.00347222222222221,-0.0036892361111111605,0.00086805555555549,0.0006510416666665395
r2_s143000_l2,2,143000,2,-0.0112123842592591,0.5579427083333333,0.5467303240740741,-0.0087528935185186,-0.0077401620370370905,0.0024594907407404984,0.0034722222222220087
r2_s143000_l3,2,143000,3,-0.0596064814814814,0.5813802083333333,0.5217737268518519,-0.05620659722222221,-0.05938946759259256,0.0033998842592591894,0.00021701388888883955
r2_s143000_l4,2,143000,4,-0.0266203703703704,0.3561197916666667,0.3294994212962963,-0.02372685185185186,-0.023799189814814825,0.0028935185185185383,0.0028211805555555733
r2_s143000_l6,2,143000,6,-0.035011574074074,0.3500434027777778,0.3150318287037037,-0.031177662037037035,-0.0337094907407407,0.0038339120370369656,0.001302083333333301
r2_s143000_l9,2,143000,9,-0.017578125,0.33203125,0.314453125,-0.012731481481481455,-0.01671006944444442,0.004846643518518545,0.0008680555555555802
r2_s143000_l10,2,143000,10,0.0185908564814814,0.498046875,0.5166377314814814,0.02191840277777779,0.02401620370370372,0.003327546296296391,0.005425347222222321
r3_s14000_l1,3,14000,1,0.0030381944444444,0.4364149305555556,0.439453125,0.00318287037037035,0.003689236111111105,0.00014467592592595,0.0006510416666667051
r3_s14000_l2,3,14000,2,-0.0177228009259259,0.396484375,0.378761574074074,-0.01743344907407407,-0.017505787037037035,0.00028935185185182885,0.00021701388888886383
r3_s14000_l3,3,14000,3,-0.0261863425925925,0.5729166666666666,0.5467303240740741,-0.0264033564814814,-0.02510127314814814,-0.00021701388888889853,0.0010850694444443608
r3_s14000_l4,3,14000,4,-0.0268373842592593,0.3695746527777778,0.3427372685185185,-0.026041666666666685,-0.02662037037037035,0.0007957175925926152,0.00021701388888895057
r3_s14000_l5,3,14000,5,-0.013527199074074,0.2888454861111111,0.2753182870370371,-0.012731481481481455,-0.014178240740740755,0.0007957175925925458,-0.0006510416666667546
r3_s14000_l8,3,14000,8,-0.0130931712962962,0.2545572916666666,0.2414641203703703,-0.013237847222222238,-0.012876157407407413,-0.0001446759259260376,0.0002170138888887875
r3_s14000_l9,3,14000,9,-0.025101273148148,0.2792968749999999,0.2541956018518518,-0.02510127314814814,-0.026403356481481455,-1.3877787807814457e-16,-0.0013020833333334536
r3_s14000_l10,3,14000,10,-0.0054976851851851,0.2983940972222222,0.2928964120370371,-0.00513599537037035,-0.00528067129629628,0.0003616898148147505,0.00021701388888882046
r3_s72000_l1,3,72000,1,0.0108506944444444,0.4557291666666667,0.4665798611111111,0.01128472222222221,0.01085069444444442,0.0004340277777778092,1.9081958235744878e-17
r3_s72000_l2,3,72000,2,-0.0047743055555555,0.46484375,0.4600694444444444,-0.00448495370370372,-0.004557291666666685,0.0002893518518517803,0.00021701388888881526
r3_s72000_l3,3,72000,3,-0.0322627314814815,0.6499565972222222,0.6176938657407407,-0.0317563657407407,-0.03247974537037046,0.0005063657407408037,-0.0002170138888889575
r3_s72000_l4,3,72000,4,-0.0329861111111111,0.3645833333333333,0.3315972222222222,-0.03305844907407407,-0.032986111111111105,-7.233796296297196e-05,-6.938893903907228e-18
r3_s72000_l5,3,72000,5,-0.0399305555555555,0.3046875,0.2647569444444444,-0.03993055555555558,-0.03949652777777779,-8.326672684688674e-17,0.00043402777777770685
r3_s72000_l6,3,72000,6,-0.0384837962962962,0.3559027777777778,0.3174189814814815,-0.037760416666666685,-0.038049768518518545,0.0007233796296295114,0.00043402777777765134
r3_s72000_l8,3,72000,8,-0.0239438657407405,0.3413628472222221,0.3174189814814815,-0.024160879629629595,-0.024811921296296335,-0.00021701388888909628,-0.000868055555555837
r3_s72000_l9,3,72000,9,-0.0141059027777777,0.3122829861111111,0.2981770833333333,-0.013888888888888895,-0.01302083333333337,0.00021701388888880485,0.0010850694444443296
r3_s72000_l10,3,72000,10,0.0089699074074073,0.3630642361111111,0.3720341435185185,0.008318865740740755,0.00853587962962965,-0.0006510416666665447,-0.0004340277777776496
r3_s143000_l1,3,143000,1,-0.0067274305555554,0.4748263888888888,0.4680989583333333,0.00267650462962965,0.004340277777777735,0.00940393518518505,0.011067708333333134
r3_s143000_l2,3,143000,2,-0.0249565972222222,0.5091145833333334,0.4841579861111111,-0.015046296296296335,-0.016927083333333315,0.009910300925925864,0.008029513888888885
r3_s143000_l3,3,143000,3,-0.0397135416666667,0.656467013888889,0.6167534722222222,-0.03327546296296291,-0.03732638888888895,0.0064380787037037895,0.0023871527777777485
r3_s143000_l4,3,143000,4,-0.0410879629629629,0.4194878472222222,0.3783998842592593,-0.033420138888888895,-0.038049768518518545,0.0076678240740740075,0.0030381944444443573
r3_s143000_l5,3,143000,5,-0.0403645833333333,0.3856336805555556,0.3452690972222222,-0.033709490740740755,-0.03211805555555558,0.006655092592592546,0.00824652777777772
r3_s143000_l8,3,143000,8,-0.0112847222222222,0.365234375,0.3539496527777778,-0.00477430555555558,0.002604166666666685,0.006510416666666619,0.013888888888888885
r3_s143000_l10,3,143000,10,0.0042679398148147,0.5028211805555556,0.5070891203703703,0.00933159722222221,0.023365162037037035,0.00506365740740751,0.019097222222222335
r5_s14000_l1,5,14000,1,0.0010127314814814,0.4192708333333333,0.4202835648148147,0.00166377314814814,0.0012297453703704053,0.00065104166666674,0.00021701388888900543
r5_s14000_l2,5,14000,2,-0.0057870370370369,0.4053819444444444,0.3995949074074074,-0.005208333333333315,-0.00600405092592593,0.0005787037037035848,-0.00021701388888903037
r5_s14000_l3,5,14000,3,-0.0089699074074073,0.3797743055555555,0.3708043981481481,-0.00810185185185186,-0.00896990740740744,0.0008680555555554397,-1.4051260155412137e-16
r5_s14000_l4,5,14000,4,-0.0324797453703703,0.431640625,0.3991608796296296,-0.031756365740740755,-0.032262731481481455,0.0007233796296295461,0.00021701388888884648
r5_s14000_l8,5,14000,8,-0.0142505787037037,0.3092447916666667,0.2949942129629629,-0.013888888888888895,-0.01425057870370372,0.0003616898148148043,-2.0816681711721685e-17
r5_s72000_l1,5,72000,1,0.0184461805555556,0.4507378472222221,0.4691840277777778,0.018663194444444475,0.01888020833333337,0.00021701388888887424,0.0004340277777777693
r5_s72000_l2,5,72000,2,-0.0049189814814815,0.45703125,0.4521122685185185,-0.003833912037037035,-0.00557002314814814,0.0010850694444444649,-0.0006510416666666401
r5_s72000_l4,5,72000,4,-0.0283564814814814,0.4487847222222221,0.4204282407407407,-0.027705439814814825,-0.02705439814814814,0.0006510416666665741,0.0013020833333332593
r5_s72000_l6,5,72000,6,-0.0430410879629629,0.3157552083333333,0.2727141203703703,-0.043185763888888895,-0.04260706018518523,-0.0001446759259259925,0.00043402777777767215
r5_s72000_l8,5,72000,8,-0.0151186342592592,0.3782552083333333,0.363136574074074,-0.01475694444444442,-0.01468460648148151,0.00036168981481478,0.0004340277777776895
r5_s72000_l10,5,72000,10,0.0144675925925926,0.3240017361111111,0.3384693287037037,0.014612268518518545,0.015552662037037035,0.00014467592592594565,0.0010850694444444354
r5_s143000_l1,5,143000,1,-0.0028935185185184,0.4845920138888888,0.4816984953703703,0.0006510416666666852,0.0003616898148147696,0.003544560185185085,0.0032552083333331695
r5_s143000_l2,5,143000,2,-0.025245949074074,0.5247395833333334,0.4994936342592593,-0.02199074074074081,-0.021773726851851916,0.00325520833333319,0.003472222222222085
r5_s143000_l4,5,143000,4,-0.0381221064814815,0.5345052083333334,0.4963831018518518,-0.03479456018518523,-0.03443287037037035,0.003327546296296273,0.0036892361111111535
r5_s143000_l5,5,143000,5,-0.0365306712962962,0.3713107638888888,0.3347800925925925,-0.03247974537037035,-0.03305844907407407,0.004050925925925847,0.0034722222222221266
r5_s143000_l6,5,143000,6,-0.0466579861111111,0.3604600694444445,0.3138020833333333,-0.043258101851851805,-0.04340277777777779,0.0033998842592592934,0.003255208333333308
r5_s143000_l8,5,143000,8,-0.0087528935185184,0.375,0.3662471064814815,-0.005497685185185175,-0.00506365740740744,0.0032552083333332246,0.0036892361111109592
r5_s143000_l9,5,143000,9,-0.0048466435185183,0.3550347222222221,0.3501880787037037,-0.0007957175925925597,-0.0026765046296295947,0.00405092592592574,0.002170138888888705
r5_s143000_l10,5,143000,10,0.0226417824074073,0.4618055555555555,0.4844473379629629,0.027271412037037035,0.030454282407407385,0.0046296296296297335,0.007812500000000083
r6_s14000_l1,6,14000,1,-0.0122251157407407,0.4153645833333333,0.4031394675925925,-0.011935763888888895,-0.0122251157407407,0.00028935185185180456,0.0
r6_s14000_l2,6,14000,2,-0.0128038194444444,0.3717447916666667,0.3589409722222222,-0.01200810185185186,-0.01258680555555558,0.0007957175925925406,0.00021701388888882046
r6_s14000_l3,6,14000,3,-0.005714699074074,0.373046875,0.3673321759259259,-0.00477430555555558,-0.005063657407407385,0.0009403935185184195,0.0006510416666666149
r6_s14000_l4,6,14000,4,-0.038917824074074,0.5436197916666666,0.5047019675925926,-0.03833912037037035,-0.03848379629629628,0.0005787037037036508,0.0004340277777777207
r6_s14000_l5,6,14000,5,-0.0127314814814814,0.2797309027777777,0.2669994212962963,-0.01200810185185186,-0.012948495370370405,0.0007233796296295392,-0.00021701388888900608
r6_s14000_l8,6,14000,8,-0.0271267361111111,0.2912326388888889,0.2641059027777778,-0.026186342592592615,-0.026692708333333315,0.0009403935185184863,0.00043402777777778664
r6_s14000_l9,6,14000,9,-0.029007523148148,0.2762586805555555,0.2472511574074074,-0.029007523148148168,-0.029224537037037007,-1.6653345369377348e-16,-0.00021701388888900608
r6_s72000_l1,6,72000,1,0.013454861111111,0.4266493055555556,0.4401041666666666,0.01403356481481477,0.013671875,0.0005787037037037687,0.00021701388888899914
r6_s72000_l2,6,72000,2,0.0089699074074073,0.3904079861111111,0.3993778935185185,0.009114583333333315,0.00940393518518523,0.00014467592592601504,0.0004340277777779306
r6_s72000_l3,6,72000,3,-0.0145399305555555,0.4294704861111111,0.4149305555555556,-0.013888888888888895,-0.014105902777777735,0.0006510416666666054,0.00043402777777776583
r6_s72000_l4,6,72000,4,-0.0594618055555555,0.6692708333333334,0.6098090277777778,-0.05902777777777779,-0.05989583333333337,0.00043402777777770685,-0.0004340277777778734
r6_s72000_l5,6,72000,5,-0.0329861111111111,0.3103298611111111,0.27734375,-0.03291377314814814,-0.031467013888888895,7.233796296295808e-05,0.001519097222222203
r6_s72000_l6,6,72000,6,-0.0447771990740741,0.2706163194444445,0.2258391203703703,-0.044126157407407385,-0.04390914351851852,0.0006510416666667129,0.0008680555555555802
r6_s72000_l9,6,72000,9,-0.0228587962962963,0.3396267361111111,0.3167679398148147,-0.022135416666666685,-0.021556712962962965,0.0007233796296296155,0.0013020833333333356
r6_s143000_l1,6,143000,1,-0.0053530092592592,0.4500868055555555,0.4447337962962963,0.012731481481481455,0.008969907407407385,0.018084490740740655,0.014322916666666585
r6_s143000_l2,6,143000,2,-0.0117910879629629,0.447265625,0.4354745370370371,0.00499131944444442,0.001880787037037035,0.016782407407407322,0.013671874999999936
r6_s143000_l3,6,143000,3,-0.0149016203703704,0.4893663194444445,0.474464699074074,0.0018084490740741255,0.003544560185185175,0.016710069444444524,0.018446180555555573
r6_s143000_l4,6,143000,4,-0.0580873842592593,0.697482638888889,0.6393952546296297,-0.04441550925925919,-0.04810474537037035,0.013671875000000111,0.00998263888888895
r6_s143000_l5,6,143000,5,-0.0524450231481481,0.4548611111111111,0.4024160879629629,-0.03935185185185186,-0.03139467592592593,0.013093171296296238,0.021050347222222168
r6_s143000_l8,6,143000,8,-0.0455005787037037,0.3702256944444444,0.3247251157407407,-0.02756076388888884,-0.03334780092592593,0.01793981481481486,0.01215277777777777
r6_s143000_l9,6,143000,9,-0.0528790509259259,0.3804253472222222,0.3275462962962963,-0.034939236111111105,-0.02987557870370372,0.017939814814814797,0.023003472222222182
r8_s14000_l1,8,14000,1,0.0,0.3402777777777778,0.3402777777777778,0.0008680555555555247,-0.0008680555555555247,0.0008680555555555247,-0.0008680555555555247
r8_s14000_l2,8,14000,2,-0.0146122685185185,0.3865017361111111,0.3718894675925925,-0.01439525462962965,-0.013744212962962965,0.00021701388888884995,0.0008680555555555351
r8_s14000_l4,8,14000,4,-0.0247395833333333,0.5716145833333334,0.546875,-0.02466724537037046,-0.02517361111111116,7.233796296284012e-05,-0.0004340277777778595
r8_s14000_l6,8,14000,6,-0.0167824074074073,0.2543402777777777,0.2375578703703703,-0.016782407407407413,-0.017433449074074042,-1.1102230246251565e-16,-0.0006510416666667407
r8_s14000_l9,8,14000,9,-0.0265480324074073,0.2630208333333333,0.2364728009259259,-0.026114004629629622,-0.02719907407407407,0.0004340277777776791,-0.0006510416666667684
r8_s72000_l1,8,72000,1,0.0031828703703704,0.4383680555555555,0.4415509259259259,0.003978587962962965,0.00209780092592593,0.0007957175925925649,-0.00108506944444447
r8_s72000_l2,8,72000,2,-0.0073784722222221,0.4240451388888888,0.4166666666666666,-0.00658275462962965,-0.006293402777777735,0.0007957175925924495,0.0010850694444443651
r8_s72000_l4,8,72000,4,-0.0511429398148147,0.620876736111111,0.5697337962962963,-0.05034722222222232,-0.05114293981481488,0.0007957175925923793,-1.8041124150158794e-16
r8_s72000_l5,8,72000,5,-0.027199074074074,0.3064236111111111,0.2792245370370371,-0.026692708333333315,-0.02611400462962965,0.0005063657407406857,0.0010850694444443504
r8_s72000_l7,8,72000,7,-0.0452112268518519,0.3346354166666667,0.2894241898148147,-0.04463252314814814,-0.04521122685185186,0.0005787037037037618,4.163336342344337e-17
r8_s72000_l9,8,72000,9,-0.0123697916666666,0.302734375,0.2903645833333333,-0.012080439814814825,-0.01171875,0.0002893518518517751,0.0006510416666666002
r8_s143000_l1,8,143000,1,-0.0093315972222221,0.4329427083333333,0.4236111111111111,-0.0007233796296295947,0.0004340277777777901,0.008608217592592506,0.00976562499999989
r8_s143000_l2,8,143000,2,-0.0181568287037036,0.4585503472222221,0.4403935185185185,-0.00846354166666663,-0.00817418981481477,0.009693287037036969,0.00998263888888883
r8_s143000_l4,8,143000,4,-0.0827546296296296,0.6890190972222222,0.6062644675925926,-0.07378472222222221,-0.07863136574074081,0.008969907407407385,0.004123263888888784
r8_s143000_l5,8,143000,5,-0.0302372685185184,0.3539496527777778,0.3237123842592593,-0.021412037037037035,-0.021990740740740755,0.008825231481481365,0.008246527777777644
r8_s143000_l6,8,143000,6,-0.0360966435185184,0.3624131944444444,0.3263165509259259,-0.029875578703703665,-0.028501157407407385,0.006221064814814735,0.007595486111111015
r8_s143000_l7,8,143000,7,-0.0588831018518519,0.3917100694444445,0.3328269675925925,-0.04810474537037035,-0.05172164351851849,0.010778356481481552,0.007161458333333412
r8_s143000_l9,8,143000,9,-0.0306712962962963,0.3537326388888889,0.3230613425925925,-0.02459490740740744,-0.0180844907407407,0.00607638888888886,0.012586805555555601
r8_s143000_l10,8,143000,10,0.0184461805555556,0.4605034722222221,0.4789496527777778,0.02249710648148151,0.03559027777777779,0.004050925925925909,0.01714409722222219
