experiment,magnitude_definition,run_id,stage,step,high_layer,high_alpha,low_layer,low_alpha,high_top1_damage,low_top1_damage,directional_ds_contrast,high_kl,low_kl,absolute_kl_gap,high_nll_damage,low_nll_damage,absolute_nll_gap,high_magnitude,low_magnitude,magnitude_log_gap,magnitude_ratio,match_score
B,activation_relative_magnitude,1,pilot,14000,5,0.25,9,0.25,0.06684027777777779,0.07074652777777779,-0.00390625,0.010464890653060542,0.011571903920008078,0.0011070132669475357,0.01047454939948178,0.007299794091118657,0.0031747553083631237,0.09978272600306405,0.09317203445567024,0.06854746501846747,1.0709514564752696,0.32235168058562846
B,activation_relative_magnitude,1,pilot,14000,1,0.25,4,0.25,0.08051215277777779,0.07074652777777779,0.009765625,0.01528988333625926,0.012108095197214022,0.0031817881390452385,0.012498723136054194,0.012839317321777344,0.00034059418572315,0.10547222528192733,0.09823121047682232,0.07112366029116533,1.0737139934442073,0.34088509295273384
B,activation_relative_magnitude,1,pilot,14000,9,0.75,3,0.5,0.20985243055555555,0.2065972222222222,0.0032552083333333426,0.1233420620361964,0.12572730580965677,0.0023852437734603743,0.11887836456298813,0.1271852387322321,0.008306874169243958,0.2795162333382501,0.2572956449455685,0.08283457766544608,1.086362085131221,0.7453240983237761
B,activation_relative_magnitude,1,pilot,14000,4,1.0,1,0.75,0.30273437499999994,0.3142361111111111,-0.01150173611111116,0.3031210336420271,0.3210617767439948,0.017940743101967693,0.3282493220435249,0.3360300064086916,0.007780684365166657,0.39292484190728927,0.31641678015391034,0.21655808250633662,1.2417952098373675,0.8091148202864846
B,activation_relative_magnitude,1,pilot,14000,6,0.75,10,0.75,0.23350694444444445,0.2547743055555555,-0.021267361111111077,0.15926946534050837,0.15181958013110688,0.007449885209401486,0.2045480675167508,0.2125718063778348,0.008023738861083984,0.31373059418466354,0.2998439437813229,0.045272485412660275,1.046312926078201,0.8636761673722602
B,activation_relative_magnitude,1,pilot,14000,5,0.5,9,0.5,0.13563368055555555,0.1371527777777778,-0.0015190972222222376,0.04579157920347319,0.05020470834440655,0.004413129140933364,0.051214271121554855,0.04445197847154395,0.006762292650010902,0.1995654520061281,0.18634406891134048,0.06854746501846747,1.0709514564752696,0.8921324240940632
B,activation_relative_magnitude,1,pilot,14000,2,0.25,7,0.25,0.08159722222222225,0.060329861111111126,0.021267361111111126,0.01705063258608182,0.009895693096849652,0.0071549394892321695,0.0012129677666556187,0.004861275355021159,0.0036483075883655403,0.10722088896565968,0.09481777333550984,0.1229342152778673,1.130810028477064,0.958714454814253
B,activation_relative_magnitude,1,pilot,14000,6,0.25,10,0.25,0.07052951388888891,0.08593750000000004,-0.015407986111111133,0.012503990075654454,0.01516330304245154,0.0026593129667970856,0.021152284410264805,0.0343239307403563,0.013171646330091494,0.10457691798607509,0.0999480245841874,0.045272561219620984,1.0463130053960068,1.1440410520191415
B,activation_relative_magnitude,1,pilot,72000,9,0.25,5,0.25,0.08398437500000004,0.07552083333333333,0.008463541666666713,0.016932898201048374,0.015223321918812061,0.0017095762822363133,0.0067042774624293715,0.006838348176744298,0.00013407071431492668,0.11587592628267075,0.11119422813256581,0.04124154247685066,1.0421037874782801,0.17989567584462646
B,activation_relative_magnitude,1,pilot,72000,10,1.0,3,0.75,0.36566840277777785,0.40625,-0.040581597222222154,0.5591999689737955,0.5733332700199552,0.014133301046159619,0.6036593384212919,0.5834278530544704,0.02023148536682151,0.5636762645509509,0.44778957962989807,0.23015665392366438,1.2587971900034702,0.5904466935387445
B,activation_relative_magnitude,1,pilot,72000,4,0.25,8,0.25,0.07747395833333333,0.09027777777777779,-0.012803819444444461,0.01479097165995174,0.01752167826311456,0.0027307066031628194,0.03170257144504118,0.03657862875196679,0.004876057306925606,0.11017819659577477,0.09933370600144069,0.10361407458781079,1.1091723145230965,0.5981411474446557
B,activation_relative_magnitude,1,pilot,72000,2,0.25,7,0.25,0.09136284722222225,0.06922743055555554,0.022135416666666713,0.021715084711710613,0.013879348006513385,0.007835736705197228,0.006296528710259282,0.006018055809868657,0.000278472900390625,0.12070305479897392,0.10160171820057763,0.1722729903809781,1.1880021020972034,0.8021385305457644
B,activation_relative_magnitude,1,pilot,72000,1,0.25,6,0.25,0.08615451388888888,0.08376736111111112,0.0023871527777777624,0.01892381099363168,0.016751303440994684,0.002172507552636996,0.015605926513671875,0.029461463292439777,0.013855536778767902,0.11736215485466851,0.1135414797398779,0.03309626431148382,1.0336500380613651,1.1409532071815598
B,activation_relative_magnitude,1,pilot,72000,9,1.0,1,0.75,0.3446180555555555,0.3368055555555555,0.0078125,0.47367902596791583,0.4386652823951509,0.03501374357276493,0.4445488452911377,0.4246697690751818,0.019879076215955915,0.463503705130683,0.35208635197745425,0.27493791515312016,1.3164489407995097,1.2249565477756739
B,activation_relative_magnitude,1,pilot,72000,10,0.75,7,1.0,0.2738715277777778,0.3042534722222222,-0.03038194444444442,0.27567857172754073,0.30397084024217397,0.028292268514633234,0.31379347377353256,0.3028546704186332,0.010938803354899385,0.4227563209003873,0.4064068728023105,0.03944113198634695,1.0402292608521648,1.3309681903091557
B,activation_relative_magnitude,1,pilot,72000,5,1.0,2,0.75,0.3070746527777778,0.3098958333333333,-0.0028211805555555247,0.2841256592008803,0.3038085301717122,0.019682870970831934,0.28326426612006284,0.2642944388919406,0.018969827228122238,0.44477691253026325,0.362109147840076,0.2056271565564401,1.2282951568146994,1.3624477774920678
B,activation_relative_magnitude,1,pilot,143000,5,0.25,1,0.25,0.11393229166666667,0.11111111111111109,0.0028211805555555802,0.02794749807152483,0.027700272699197132,0.0002472253723276967,0.023671150207519382,0.021098322338528153,0.0025728278689912294,0.1292234824763404,0.12830648322900137,0.007121525608706497,1.0071469439755618,0.19624439516551828
B,activation_relative_magnitude,1,pilot,143000,9,0.25,8,0.25,0.10004340277777775,0.103515625,-0.0034722222222222515,0.02343247561819024,0.02087015368872219,0.0025623219294680505,0.018954012129041835,0.018564992480807785,0.00038901964823405064,0.18896493315696716,0.1491974542538325,0.23629083401093615,1.2665426102745527,0.28216683616240845
B,activation_relative_magnitude,1,pilot,143000,9,1.0,5,1.0,0.33940972222222215,0.35004340277777773,-0.01063368055555558,0.4021048612064786,0.39023393392562866,0.01187092728084993,0.42816397878858786,0.42194051212734635,0.006223466661241517,0.7558597326278687,0.5168939299053616,0.38001813124686135,1.4623111027174558,0.4460592229016441
B,activation_relative_magnitude,1,pilot,143000,6,1.0,1,1.0,0.4572482638888889,0.4813368055555555,-0.02408854166666663,0.7877564430236816,0.8404084112909106,0.052651968267228955,0.87864875793457,0.87405973010593,0.004589027828640013,0.6287434564696418,0.5132259329160055,0.20300715089697513,1.225081228645829,0.69912957105287
B,activation_relative_magnitude,1,pilot,143000,9,0.75,5,0.75,0.2530381944444445,0.2601996527777778,-0.007161458333333315,0.20523398286766478,0.21086408032311332,0.005630097455448541,0.2125800715552435,0.22701085938347706,0.014430787828233566,0.5668944848908318,0.3876702619923486,0.38001805466477434,1.462310990730624,0.9271692730996285
B,activation_relative_magnitude,1,pilot,143000,6,0.25,4,0.25,0.1178385416666667,0.11870659722222221,-0.0008680555555555108,0.03184187308781677,0.02615250171058708,0.005689371377229687,0.028136783175998215,0.03627792994181315,0.008141146765814934,0.15718586411741045,0.12477588736348681,0.23090972599520648,1.2597455120436016,1.1116802554439644
B,activation_relative_magnitude,1,pilot,143000,9,0.5,5,0.5,0.17513020833333334,0.18684895833333334,-0.01171875,0.0867001149389479,0.09303257945511074,0.0063324645161628446,0.08663052982754167,0.09635358386569548,0.009723054038153808,0.3779298663139343,0.2584469649526808,0.38001813124686135,1.4623111027174558,1.2814500541598717
B,activation_relative_magnitude,1,pilot,143000,10,1.0,2,1.0,0.5075954861111112,0.5110677083333334,-0.00347222222222221,0.9052069253391689,0.9384966757562424,0.033289750417073494,1.055728859371609,0.9589426782396101,0.09678618113199888,0.8194169335895114,0.5420135789447361,0.41330197621011094,1.5118014850935302,1.3219317503682473
B,activation_relative_magnitude,4,pilot,14000,3,0.25,10,0.25,0.06944444444444446,0.08181423611111109,-0.01236979166666663,0.012019616241256395,0.01270150848560863,0.0006818922443522345,0.01408166355556902,0.01290922694736052,0.0011724366082085016,0.1106023523542616,0.09473123566971885,0.15489757396311482,1.1675383686525267,0.14635166498245689
B,activation_relative_magnitude,4,pilot,14000,3,0.5,10,0.5,0.15060763888888887,0.15885416666666666,-0.00824652777777779,0.05578224650687641,0.055593323790364794,0.00018892271651161502,0.06029597918192545,0.05666987101236994,0.0036261081695555114,0.2212047047085232,0.1894624713394377,0.15489757396311482,1.1675383686525267,0.26063281628819557
B,activation_relative_magnitude,4,pilot,14000,1,0.25,5,0.25,0.07443576388888888,0.07139756944444446,0.0030381944444444198,0.011954688881006507,0.012132752790219255,0.00017806390921274763,0.0027529663509791766,0.00869313875834147,0.005940172407362294,0.10335957093371285,0.09025238785478802,0.1356038337547812,1.1452281029950553,0.4138178847454277
B,activation_relative_magnitude,4,pilot,14000,6,0.25,9,0.25,0.08224826388888888,0.06901041666666667,0.01323784722222221,0.012602221738133164,0.01038376014265749,0.0022184615954756737,0.021477089987860836,0.016785224278767902,0.004691865709092934,0.11036118037170833,0.0869240015745163,0.2387242531686407,1.2696283923042857,0.5346372068204297
B,activation_relative_magnitude,4,pilot,14000,1,0.5,5,0.5,0.1538628472222222,0.13606770833333334,0.017795138888888867,0.056817690945333905,0.05191762372851372,0.004900067216820188,0.040472931332058426,0.04402939478556315,0.0035564634535047226,0.2067191418674257,0.18050477570957604,0.1356038337547812,1.1452281029950553,0.7271042852490003
B,activation_relative_magnitude,4,pilot,14000,2,0.25,7,0.25,0.09092881944444446,0.07660590277777779,0.014322916666666671,0.018287193237079512,0.009732686604062716,0.008554506633016797,0.022701342900594074,0.025201665030585445,0.002500322129991371,0.12489691459470324,0.08827192915810479,0.3470665598328322,1.4149108984691956,1.0221388053011045
B,activation_relative_magnitude,4,pilot,14000,8,0.75,2,0.5,0.20551215277777776,0.18967013888888887,0.015842013888888895,0.0966351760758294,0.09168209715021981,0.004953078925609589,0.11196475558810774,0.10209637218051466,0.009868383407593079,0.25552865862846375,0.24979382918940649,0.0226986758152562,1.0229582510411368,1.1532001197338309
B,activation_relative_magnitude,4,pilot,14000,10,1.0,2,0.75,0.298828125,0.3029513888888889,-0.004123263888888895,0.2631688233878877,0.2831521663400862,0.019983342952198502,0.27625036239624023,0.29899371994866275,0.022743357552422516,0.3789249426788754,0.3746906320254008,0.01123744082420727,1.0113008180391003,1.5222981499589352
B,activation_relative_magnitude,4,pilot,72000,6,0.25,9,0.25,0.09353298611111112,0.08615451388888888,0.007378472222222238,0.019587890141540106,0.018240728519029085,0.0013471616225110214,0.031072987450493805,0.032430066002740045,0.0013570785522462395,0.11982104347811805,0.11719695975383122,0.022143389192434693,1.0223903736905686,0.22518806573418476
B,activation_relative_magnitude,4,pilot,72000,3,0.25,7,0.25,0.08181423611111112,0.07682291666666667,0.0049913194444444475,0.01612351793381903,0.012449146144919924,0.003674371788899105,0.02370712492201088,0.023967928356594708,0.0002608034345838277,0.1187060210439894,0.09469915264182621,0.22594497287932194,1.2535066865166433,0.3848240745288324
B,activation_relative_magnitude,4,pilot,72000,1,0.25,8,0.25,0.08355034722222221,0.08420138888888888,-0.0006510416666666713,0.017633732511765424,0.013187280752592618,0.004446451759172807,0.014843304951985825,0.016036589940389145,0.0011932849884033203,0.1094209435913298,0.09758594383796056,0.11446884717747419,1.12127770955437,0.524197508477502
B,activation_relative_magnitude,4,pilot,72000,6,0.5,9,0.5,0.1859809027777778,0.18619791666666666,-0.0002170138888888673,0.08782980756627189,0.08334377987517251,0.004486027691099376,0.11601347393459764,0.11460778448316795,0.001405689451429687,0.2396420869562361,0.23439391950766245,0.022143389192434693,1.0223903736905686,0.5423153992052501
B,activation_relative_magnitude,4,pilot,72000,2,0.25,10,0.25,0.09895833333333333,0.09223090277777779,0.006727430555555539,0.023627413022849292,0.02155000447399087,0.0020774085488584233,0.0171002811855742,0.011283000310262045,0.005817280875312155,0.13483387562963697,0.12304245680570602,0.09151399670279883,1.0958321146216266,0.5955595799066526
B,activation_relative_magnitude,4,pilot,72000,5,1.0,8,1.0,0.30815972222222227,0.3129340277777778,-0.004774305555555525,0.27040500442186993,0.28268598185645205,0.012280977434582119,0.29621436860826283,0.3051502969529894,0.008935928344726562,0.40185752511024475,0.3903437753518422,0.029069784536825075,1.0294964349002989,0.7412735899331417
B,activation_relative_magnitude,4,pilot,72000,3,1.0,9,1.0,0.384765625,0.38519965277777785,-0.0004340277777778456,0.496787663963106,0.4814636839760675,0.015323979987038494,0.5231547090742326,0.5562727716233996,0.03311806254916705,0.4748240841759576,0.4687878390153249,0.012794089075859168,1.012876283594113,0.9269160493163927
B,activation_relative_magnitude,4,pilot,72000,10,0.5,1,0.5,0.181640625,0.18858506944444445,-0.0069444444444444475,0.09001168691449696,0.08713556577761968,0.0028761211368772827,0.07322480943467902,0.08545607990688753,0.01223127047220851,0.24608491361141205,0.2188418871826596,0.11732716092336522,1.1244872578073395,1.1030301451682958
B,activation_relative_magnitude,4,pilot,72000,10,1.0,2,0.75,0.33745659722222215,0.3485243055555555,-0.01106770833333337,0.4067664775583479,0.38148084614011973,0.02528563141822815,0.38556257883707695,0.4047839111751981,0.019221332338121122,0.4921698272228241,0.4045016600026025,0.19616799388604744,1.216731291583964,1.1279686061543979
B,activation_relative_magnitude,4,pilot,72000,6,0.75,9,0.75,0.2916666666666667,0.2877604166666667,0.00390625,0.2354945656326082,0.2220627334382799,0.013431832194328308,0.2912002669440376,0.27371528413560675,0.01748498280843086,0.3594628969828288,0.3515904810693529,0.02214387229188575,1.0223908676069162,1.2061403582560528
B,activation_relative_magnitude,4,pilot,72000,5,0.5,8,0.5,0.1586371527777778,0.16102430555555558,-0.00238715277777779,0.06349069832099809,0.05650179419252607,0.006988904128472015,0.07256786028544122,0.06451537874009879,0.008052481545342438,0.20092876255512238,0.1951718876759211,0.029069784536825075,1.0294964349002989,1.2357225158700307
B,activation_relative_magnitude,4,pilot,72000,5,0.75,8,0.75,0.23893229166666666,0.2311197916666667,0.0078124999999999445,0.1493183672428131,0.14052809526522955,0.008790271977583558,0.16478268305460628,0.15360736846923842,0.011175314585367857,0.30139294266700745,0.29275768995285034,0.02906960062709769,1.0294962455659076,1.308535713892275
B,activation_relative_magnitude,4,pilot,143000,9,0.75,10,0.5,0.3172743055555555,0.29535590277777773,0.02191840277777779,0.23549459874629974,0.24046586950620016,0.00497127075990042,0.2651466528574627,0.26074356502956836,0.004403087827894336,0.49525784121619326,0.36632360021273297,0.3015614219432082,1.3519681530990224,0.37634700873264687
B,activation_relative_magnitude,4,pilot,143000,9,0.25,5,0.25,0.14865451388888887,0.14388020833333334,0.004774305555555525,0.027103714024027187,0.030064082187083035,0.002960368163055848,0.03501478830973307,0.03184586101108122,0.0031689272986518482,0.16508587035867903,0.1165877663426929,0.34782141640402814,1.4159793564741001,0.507298636215708
B,activation_relative_magnitude,4,pilot,143000,8,0.25,1,0.25,0.14127604166666666,0.1410590277777778,0.0002170138888888673,0.023540104015005957,0.029858653330140646,0.006318549315134689,0.014277776082356622,0.01385158962673616,0.00042618645562046177,0.1521730770667394,0.12007824745443134,0.23687494556966562,1.2672826285584138,0.6602673618881663
B,activation_relative_magnitude,4,pilot,143000,9,0.5,5,0.5,0.22829861111111113,0.20182291666666666,0.026475694444444475,0.09635190003448062,0.09383589029312134,0.002516009741359279,0.11373970243665903,0.10642494095696338,0.007314761479695647,0.33017174071735805,0.2331755326853858,0.34782141640402814,1.4159793564741001,0.739251739448971
B,activation_relative_magnitude,4,pilot,143000,8,1.0,1,0.75,0.34027777777777785,0.3391927083333333,0.0010850694444445308,0.3316036628352271,0.3311455051104228,0.00045815772480428674,0.33517501089307994,0.30452754762437584,0.0306474632687041,0.6086923082669576,0.36023439301384824,0.5245579878046853,1.6897118100646156,0.972004519457061
B,activation_relative_magnitude,4,pilot,143000,9,1.0,2,0.75,0.4069010416666667,0.4025607638888889,0.00434027777777779,0.4713544514444139,0.46820950508117676,0.0031449463632371444,0.5146903726789686,0.4679838286505806,0.046706544028387975,0.6603434814347161,0.4613800346851349,0.35853805242197406,1.4312354930688802,1.0175456051214422
B,activation_relative_magnitude,4,pilot,143000,7,0.25,3,0.25,0.14409722222222224,0.140625,0.0034722222222222376,0.02547362219128344,0.03174320153064198,0.006269579339358542,0.02311751577589242,0.015145884619818842,0.00797163115607358,0.13887175752056968,0.13020559151967367,0.06443622502855839,1.0665575563979262,1.1584000110074262
B,activation_relative_magnitude,4,pilot,143000,6,1.0,1,1.0,0.4826388888888889,0.4793836805555556,0.003255208333333315,0.7498767177263895,0.8002589146296183,0.05038219690322876,0.8477967050340438,0.7809365060594348,0.06686019897460904,0.6133554644054837,0.48031298981772536,0.24450669103168265,1.276991206584371,1.4710445857663292
B,activation_relative_magnitude,6,confirmatory,14000,8,0.25,5,0.25,0.07400173611111112,0.06401909722222225,0.009982638888888867,0.010974765134354433,0.011178687007890807,0.00020392187353637445,0.014097028308444504,0.015320168601142084,0.0012231402926975807,0.1022307922442754,0.09443171239561504,0.07935597323330111,1.0825896264168828,0.10193487353347616
B,activation_relative_magnitude,6,confirmatory,14000,8,0.5,5,0.5,0.15190972222222224,0.134765625,0.017144097222222238,0.04781374749210146,0.05008018306559986,0.0022664355734983987,0.057553026411268395,0.05644530720180926,0.0011077192094591376,0.2044615844885508,0.18886342479123008,0.07935597323330111,1.0825896264168828,0.3004915046471157
B,activation_relative_magnitude,6,confirmatory,14000,2,0.25,9,0.25,0.07183159722222225,0.07356770833333333,-0.0017361111111110772,0.013933976491292318,0.010470942594110966,0.0034630338971813526,0.006555557250976414,0.005469878514607895,0.0010856787363685188,0.10420690228541692,0.09437626517481273,0.09908875456324831,1.1041642948297958,0.41868197214270314
B,activation_relative_magnitude,6,confirmatory,14000,4,0.25,1,0.25,0.08702256944444446,0.06987847222222221,0.01714409722222225,0.01940932994087537,0.015177707084351117,0.004231622856524253,0.012746307584974451,0.015213727951049805,0.0024674203660753537,0.12421782563130061,0.10790821330414878,0.14075569384157238,1.1511433822111554,0.5876569767241155
B,activation_relative_magnitude,6,confirmatory,14000,3,0.25,6,0.25,0.07183159722222225,0.061197916666666664,0.010633680555555587,0.013763977214694023,0.008537405739641851,0.005226571475052172,0.014031277762519037,0.00944662094116211,0.004584656821356928,0.10633298175202475,0.08532176829046673,0.22014588892334658,1.246258532641144,0.8283009355956791
B,activation_relative_magnitude,6,confirmatory,14000,8,1.0,1,0.75,0.2912326388888889,0.2823350694444445,0.00889756944444442,0.2307179205947452,0.24568103584978315,0.014963115255037962,0.27101831965976303,0.2654403315650091,0.005577988094753905,0.4089231689771016,0.3237245778242747,0.23363420164921234,1.2631823376693836,0.8361317577560139
B,activation_relative_magnitude,6,confirmatory,14000,8,0.75,5,0.75,0.22243923611111108,0.20442708333333337,0.018012152777777707,0.11788460777865516,0.12891028655899897,0.011025678780343814,0.1393519242604572,0.1415035194820827,0.002151595221625502,0.30669262674119735,0.28329505523045856,0.07935707770619202,1.0825908221084375,1.0369491529349764
B,activation_relative_magnitude,6,confirmatory,14000,9,0.5,6,0.5,0.14431423611111113,0.11740451388888888,0.02690972222222225,0.04523221775889397,0.03616136333180798,0.009070854427085988,0.03794278038872608,0.04217269685533317,0.0042299164666070865,0.18875253034962547,0.17064353658093345,0.10085999452453044,1.1061217678180457,1.189079873815738
B,activation_relative_magnitude,6,confirmatory,14000,7,0.25,10,0.25,0.07335069444444446,0.0891927083333333,-0.01584201388888884,0.011111398951874837,0.017464306722912524,0.0063529077710376865,0.026137828826904148,0.03531792428758399,0.009180095460679844,0.10730615672138001,0.09971101416481866,0.07340988263471653,1.0761715505571616,1.2472971411490916
B,activation_relative_magnitude,6,confirmatory,14000,9,1.0,2,0.75,0.2762586805555555,0.25390625,0.022352430555555525,0.21340440213680267,0.19453938802083334,0.01886501411596933,0.2137982315487331,0.19907522201538072,0.014723009533352371,0.37750506069925094,0.31262072920799255,0.1885932463905784,1.2075496773858831,1.6380802134386687
B,activation_relative_magnitude,6,confirmatory,14000,9,0.75,4,0.5,0.21484375000000003,0.18641493055555555,0.028428819444444475,0.11022041903601752,0.10101689232720268,0.009203526708814844,0.10434132152133528,0.08947592311435286,0.014865398406982422,0.2831286357508765,0.24843565126260123,0.1307174742967954,1.139645756605215,1.862418706996794
B,activation_relative_magnitude,6,confirmatory,72000,2,0.25,9,0.25,0.08181423611111112,0.07855902777777779,0.0032552083333333287,0.015825032877425354,0.015554646754430398,0.00027038612299495543,0.014060921139187332,0.013778580559624517,0.0002823405795628151,0.11141250862015618,0.11027811881568698,0.01023407907282695,1.0102866263647927,0.04586131760368322
B,activation_relative_magnitude,6,confirmatory,72000,1,0.25,5,0.25,0.07964409722222221,0.07118055555555554,0.008463541666666671,0.016681220278971728,0.014308606170945698,0.0023726141080260294,0.018186860614352707,0.018343793021307953,0.0001569324069552458,0.11188991036680009,0.10608219024207856,0.05330127143328082,1.054747362507018,0.247723571266286
B,activation_relative_magnitude,6,confirmatory,72000,7,0.25,10,0.25,0.08789062500000004,0.08832465277777779,-0.0004340277777777485,0.01760919950902462,0.020649071368906233,0.0030398718598816134,0.031149281395806156,0.03034790356953924,0.000801377826266915,0.12207434409194522,0.12154752926694024,0.004324863271835802,1.004334228989945,0.35741237440595564
B,activation_relative_magnitude,6,confirmatory,72000,7,0.75,10,0.75,0.2599826388888889,0.24435763888888892,0.015624999999999972,0.20380615525775483,0.2093086540699005,0.005502498812145679,0.257245937983195,0.24349602063496908,0.01374991734822592,0.3662232723500993,0.3646432061990102,0.004323822911935943,1.0043331841214307,0.8155725335537729
B,activation_relative_magnitude,6,confirmatory,72000,7,0.5,10,0.5,0.1733940972222222,0.16579861111111108,0.007595486111111133,0.07820083283715779,0.08649768763118319,0.008296854794025407,0.10957752333747006,0.10806094275580518,0.0015165805816648864,0.24414868818389043,0.24309505853388047,0.004324863271835802,1.004334228989945,0.9307908515135331
B,activation_relative_magnitude,6,confirmatory,72000,3,0.25,8,0.25,0.08854166666666667,0.091796875,-0.0032552083333333287,0.018797494678033724,0.01710308901965618,0.001694405658377543,0.017815219031439938,0.030317571428086925,0.012502352396646987,0.12008766747183271,0.11131137361129124,0.07589059647533249,1.0788445383055736,1.0029307256142201
B,activation_relative_magnitude,6,confirmatory,72000,6,1.0,2,0.75,0.2706163194444445,0.2601996527777778,0.010416666666666685,0.22372630735238394,0.23224264052179125,0.008516333169407309,0.2139054139455158,0.23544597625732408,0.021540562311808287,0.39739951822492814,0.3342371947235531,0.1730912130265821,1.1889745501054019,1.3322890321555
B,activation_relative_magnitude,6,confirmatory,72000,2,0.5,9,0.5,0.16276041666666666,0.16189236111111113,0.0008680555555555247,0.07856735504335828,0.06994271982047293,0.008624635222885355,0.0781795978546141,0.06928216086493588,0.008897436989678223,0.22282501724031237,0.22055623763137397,0.01023407907282695,1.0102866263647927,1.4556259882670837
B,activation_relative_magnitude,6,confirmatory,72000,10,1.0,4,0.75,0.3270399305555555,0.3780381944444445,-0.05099826388888895,0.4138943354288737,0.4478893578052521,0.03399502237637836,0.4598767492506239,0.41783552699618864,0.04204122225443524,0.48619011706776094,0.43156901001930237,0.11917230653310167,1.1265640159056267,1.7469183461293776
B,activation_relative_magnitude,6,confirmatory,72000,1,0.5,8,0.5,0.1640625,0.18771701388888887,-0.023654513888888867,0.08576086743010414,0.07611675229337479,0.009644115136729345,0.09218102031283903,0.10637315114339178,0.014192130830552749,0.22377982073360017,0.2226227472225825,0.005184002894827565,1.005197463087008,1.9105535690431177
B,activation_relative_magnitude,6,confirmatory,143000,6,0.25,2,0.25,0.13585069444444442,0.1393229166666667,-0.003472222222222293,0.026728483951754037,0.028659679823451575,0.0019311958716975372,0.02178796132405599,0.02108984523349348,0.0006981160905625075,0.13078771862718794,0.12868950929906633,0.016172941875237296,1.016304431802949,0.23966065987392088
B,activation_relative_magnitude,6,confirmatory,143000,9,0.25,1,0.25,0.14084201388888892,0.14756944444444445,-0.006727430555555525,0.02512921392917633,0.02952644063366784,0.004397226704491511,0.02030817667643244,0.020769834518432617,0.00046165784200017865,0.162071007821295,0.12380164364973704,0.26935392226668764,1.3091183852116752,0.47049985991582965
B,activation_relative_magnitude,6,confirmatory,143000,7,0.75,10,0.5,0.3459201388888889,0.333984375,0.011935763888888895,0.3120988938543532,0.3040332860416836,0.008065607812669573,0.363795730802748,0.37183764245775014,0.00804191165500212,0.46304316984282595,0.3934240672323439,0.16293220754760104,1.1769568981893708,0.48045332365444066
B,activation_relative_magnitude,6,confirmatory,143000,2,1.0,5,1.0,0.447265625,0.45486111111111116,-0.0075954861111111605,0.6894046068191528,0.701086355580224,0.011681748761071198,0.700036923090617,0.7230224344465467,0.022985511355929633,0.5147580371962653,0.5093148284488255,0.010630610753036002,1.0106873164561452,0.49106697488966106
B,activation_relative_magnitude,6,confirmatory,143000,7,1.0,1,1.0,0.4620225694444445,0.4500868055555555,0.01193576388888895,0.7113470170232986,0.7476856973436145,0.03633868032031584,0.8014676570892335,0.7725881205664741,0.02887953652275943,0.6173912882804871,0.4952065745989482,0.22052800369961395,1.2467348374372702,0.865064416817676
B,activation_relative_magnitude,6,confirmatory,143000,5,0.5,1,0.5,0.2211371527777778,0.22157118055555558,-0.0004340277777777901,0.11797401143444909,0.11826714293824302,0.0002931315037939253,0.11688756942749023,0.10385788811577701,0.013029681311713226,0.25465741422441274,0.2476032872994741,0.028091350882792215,1.02848963356616,0.8934617153483798
B,activation_relative_magnitude,6,confirmatory,143000,9,0.5,6,0.5,0.21506076388888887,0.20594618055555558,0.009114583333333287,0.08900927752256393,0.08213618646065395,0.006873091061909989,0.08796628316243489,0.08198542065090593,0.0059808625115289615,0.32414201564259,0.2615754372543759,0.2144590187556221,1.2391913363309017,1.086033273626263
B,activation_relative_magnitude,6,confirmatory,143000,8,0.25,5,0.25,0.14279513888888892,0.142578125,0.0002170138888889228,0.02426976462205251,0.03299830646978484,0.008728541847732332,0.025087065166897293,0.028514199786716137,0.003427134619818844,0.1554704440964593,0.12732870711220637,0.19968365573551508,1.2210164355116986,1.1013298260944895
B,activation_relative_magnitude,6,confirmatory,143000,6,1.0,3,0.75,0.3407118055555556,0.3446180555555555,-0.0039062499999999445,0.32916684945424396,0.35209298796123933,0.022926138506995375,0.36049575275845,0.3347206910451252,0.02577506171332483,0.5231508745087518,0.4129815465874142,0.23646699087070686,1.2667657400958918,1.4145486980915998
B,activation_relative_magnitude,7,confirmatory,14000,8,0.75,1,0.5,0.20334201388888892,0.19184027777777776,0.01150173611111116,0.10486560066541036,0.10571427394946416,0.0008486732840538025,0.11357227961222331,0.1183201736874051,0.004747894075181794,0.28427642914983964,0.2284876803557078,0.21846481325939182,1.2441652377374586,0.39712972778834327
B,activation_relative_magnitude,7,confirmatory,14000,5,0.75,10,0.75,0.21310763888888887,0.21462673611111108,-0.0015190972222222099,0.1286474449767007,0.12688425266080433,0.0017631923158963614,0.1535291936662464,0.1578760412004261,0.0043468475341796875,0.312263912624783,0.24979121651914382,0.2232232690370261,1.250099651125448,0.41717811330309396
B,activation_relative_magnitude,7,confirmatory,14000,1,0.25,10,0.25,0.09027777777777775,0.07573784722222221,0.014539930555555539,0.017397048883140087,0.014766810254918203,0.0026302386282218843,0.019554350111219716,0.021876706017388337,0.002322355906168621,0.1142438401778539,0.08326372587018542,0.3163221224408708,1.3720721596817427,0.4178475899000965
B,activation_relative_magnitude,7,confirmatory,14000,5,0.25,8,0.25,0.07269965277777779,0.06662326388888891,0.006076388888888881,0.010812978053258525,0.009227028323544396,0.001585949729714129,0.013744115829467921,0.008460680643717597,0.005283435185750324,0.1040879918469323,0.09475881937477325,0.0939016967692099,1.09845175925274,0.5108239853547678
B,activation_relative_magnitude,7,confirmatory,14000,6,0.25,9,0.25,0.068359375,0.07573784722222225,-0.0073784722222222515,0.00948103382769558,0.011400907093452081,0.001919873265756501,0.016026602851019867,0.02106952667236328,0.005042923821343415,0.1077935000260671,0.09505151377783881,0.125798365123766,1.1340534804949005,0.5281822479985444
B,activation_relative_magnitude,7,confirmatory,14000,4,1.0,1,0.75,0.34526909722222215,0.3285590277777778,0.016710069444444364,0.3620299266444312,0.3492112192842695,0.012818707360161663,0.3747974501715767,0.3860976696014406,0.011300219429863922,0.4178613358073764,0.3427313764890035,0.19820266355852076,1.2192094581126962,0.6574845936625249
B,activation_relative_magnitude,7,confirmatory,14000,6,1.0,10,1.0,0.2894965277777778,0.2788628472222222,0.01063368055555558,0.23039348092344072,0.23004416624704996,0.0003493146763907662,0.30439956982930516,0.27857584423489046,0.025823725594414704,0.4311740001042684,0.3330549034807417,0.25820436946512765,1.2946033689883814,0.9011016206450575
B,activation_relative_magnitude,7,confirmatory,14000,5,0.5,9,0.5,0.1469184027777778,0.14843749999999997,-0.0015190972222221821,0.04898134908742375,0.05006667226552963,0.0010853231781058834,0.05985042783949105,0.07248955302768294,0.012639125188191887,0.2081759836938646,0.19010302755567762,0.09081762194355208,1.0950692704401763,0.9511406636900475
B,activation_relative_magnitude,7,confirmatory,14000,5,1.0,9,1.0,0.2973090277777778,0.2845052083333333,0.012803819444444475,0.27487561768955654,0.2509244945314196,0.023951123158136967,0.3218555715348986,0.3128184212578667,0.009037150277031891,0.4163519673877292,0.38020605511135525,0.09081762194355208,1.0950692704401763,1.1958161604370003
B,activation_relative_magnitude,7,confirmatory,14000,2,0.25,7,0.25,0.08485243055555558,0.08181423611111112,0.0030381944444444614,0.018181302067306306,0.01061428307245175,0.007567018994854556,0.00979834132724348,0.0198386775122749,0.01004033618503142,0.11195775204234654,0.09168597641918395,0.19975214756429185,1.2211000680243724,1.4260576451542168
B,activation_relative_magnitude,7,confirmatory,72000,8,0.25,5,0.25,0.07356770833333337,0.07921006944444446,-0.005642361111111091,0.0161585102064742,0.01443469234638744,0.0017238178600867595,0.012679921256171381,0.014359765582614573,0.0016798443264431917,0.1104140438967281,0.10962346775664222,0.007185861501809729,1.007211741758078,0.2843714077715554
B,activation_relative_magnitude,7,confirmatory,72000,10,1.0,3,0.75,0.33615451388888884,0.3543836805555555,-0.018229166666666685,0.3821898301442464,0.39056230253643465,0.008372472392188246,0.37886487113104944,0.37460046344333203,0.004264407687717409,0.3985423776838515,0.3871749573283725,0.028937158582650904,1.0293599060071388,0.32988684320241224
B,activation_relative_magnitude,7,confirmatory,72000,1,0.25,6,0.25,0.09201388888888888,0.08051215277777779,0.011501736111111091,0.017639366599420708,0.014833920014401277,0.00280544658501943,0.027404652701483734,0.024455653296576507,0.0029489994049072266,0.12179863452911377,0.11359575142463048,0.06972303829373785,1.0722111786894233,0.4771446188290914
B,activation_relative_magnitude,7,confirmatory,72000,4,0.25,7,0.25,0.087890625,0.07204861111111112,0.01584201388888888,0.01897942688730028,0.014023641434808573,0.004955785452491706,0.01630793677435986,0.019457128312852696,0.0031491915384928362,0.11662089327971141,0.10027660181125005,0.15099605979978722,1.1629920756511685,0.7055246478153597
B,activation_relative_magnitude,7,confirmatory,72000,3,0.25,10,0.25,0.08745659722222225,0.08680555555555554,0.0006510416666667129,0.028015606933169897,0.024768079320589702,0.003247527612580195,0.02613655726114909,0.020176198747423008,0.0059603585137260814,0.12905828323629168,0.09963559442096287,0.25874463590819696,1.2953029887192444,0.722109995506425
B,activation_relative_magnitude,7,confirmatory,72000,4,1.0,8,1.0,0.3548177083333333,0.34418402777777773,0.01063368055555558,0.39921486377716064,0.3988559775882297,0.00035888618893092916,0.375767125023736,0.409976323445638,0.03420919842190201,0.46648357311884564,0.4416561755869124,0.054691110549730575,1.056214310824343,0.8797411202447971
B,activation_relative_magnitude,7,confirmatory,72000,7,1.0,1,0.75,0.3009982638888889,0.2921006944444445,0.00889756944444442,0.2704747451676263,0.2624085429641936,0.008066202203432737,0.3102456198798286,0.29143068525526256,0.01881493462456607,0.4011064072450002,0.3653961618741353,0.09324460684537927,1.097730214755692,0.9281552143047571
B,activation_relative_magnitude,7,confirmatory,72000,4,0.5,8,0.5,0.177734375,0.15928819444444445,0.018446180555555552,0.08078305423259735,0.0728675772746404,0.007915476957956954,0.06666024525960272,0.06952253977457697,0.002862294514974245,0.23324178655942282,0.2208280877934562,0.054691110549730575,1.056214310824343,0.9823673301273117
B,activation_relative_magnitude,7,confirmatory,72000,2,0.5,10,0.5,0.1840277777777778,0.16232638888888892,0.021701388888888867,0.10060167892111672,0.09244581974214977,0.008155859178966954,0.08211443159315317,0.0862721337212456,0.004157702128092439,0.23955994182162813,0.19927118884192574,0.1841370095289429,1.2021805220004078,1.0927660597695246
B,activation_relative_magnitude,7,confirmatory,72000,4,0.75,8,0.75,0.2634548611111111,0.2508680555555555,0.01258680555555558,0.20276500284671783,0.18950110839472875,0.013263894451989083,0.18038328488667807,0.19056635432773175,0.010183069441053683,0.3498625324832069,0.3312418195936415,0.05469163156852531,1.0562148611319935,1.2252972765058538
B,activation_relative_magnitude,7,confirmatory,72000,5,1.0,2,0.75,0.31315104166666663,0.3125,0.0006510416666666297,0.3207840654585096,0.3323075870672862,0.011523521608776566,0.3363188107808431,0.30731723043653697,0.02900158034430611,0.4384938710265689,0.35933986637327403,0.19907719094291362,1.2202761565316316,1.254070908701869
B,activation_relative_magnitude,7,confirmatory,143000,9,0.25,1,0.25,0.09895833333333333,0.10112847222222221,-0.002170138888888881,0.024755656719207764,0.026768774208095338,0.0020131174888875746,0.03244805335998535,0.03235973252190494,8.832083808041347e-05,0.18139911691347757,0.1351653900411394,0.2942005294788701,1.3420529978736888,0.207199804760785
B,activation_relative_magnitude,7,confirmatory,143000,2,0.25,5,0.25,0.10872395833333333,0.10959201388888888,-0.0008680555555555525,0.03013413544330332,0.027435728245311316,0.0026984071979920046,0.024271090825398762,0.018891387515597973,0.005379703309800789,0.1365382091866599,0.13482433557510376,0.012631783078861815,1.0127119010395673,0.6284876071192531
B,activation_relative_magnitude,7,confirmatory,143000,10,0.75,4,1.0,0.3526475694444445,0.412109375,-0.059461805555555525,0.5258294873767428,0.5381072726514604,0.012277785274717568,0.5950586795806886,0.5589057869381375,0.03615289264255106,0.579488734404246,0.5629422002368503,0.02896926339940954,1.029392953948796,0.8573850457810281
B,activation_relative_magnitude,7,confirmatory,143000,10,1.0,1,1.0,0.4403211805555556,0.49609375,-0.05577256944444442,0.8619134558571709,0.9071950515111288,0.04528159565395784,0.9507188532087537,0.988185485204061,0.03746663199530731,0.7726517452134026,0.5406615601645576,0.3570349222769523,1.4290857759117104,0.8983864905449025
B,activation_relative_magnitude,7,confirmatory,143000,7,1.0,6,0.75,0.330078125,0.33376736111111116,-0.0036892361111111605,0.3231693175103929,0.3004904819859399,0.02267883552445299,0.37079291873508025,0.3775254090627036,0.006732490327623353,0.640688485569424,0.4674036105473836,0.31535021001890945,1.370739273535144,0.9072187976988024
B,activation_relative_magnitude,7,confirmatory,143000,7,0.5,10,0.25,0.17838541666666663,0.12586805555555555,0.05251736111111108,0.07733006775379181,0.06796607168184386,0.009363996071947947,0.08777072694566519,0.08921318584018294,0.0014424588945177452,0.320344242784712,0.19316293630335066,0.5058621139876481,1.6584146468017593,1.0325635334959777
B,activation_relative_magnitude,7,confirmatory,143000,8,0.75,5,0.75,0.2894965277777778,0.291015625,-0.0015190972222222099,0.2718699955277973,0.25724169611930847,0.01462829940848881,0.24384731716579866,0.2589308155907526,0.015083498424953934,0.4806155198150211,0.4044728842046526,0.1724829164524143,1.1882515208901923,1.1529441957440705
B,activation_relative_magnitude,7,confirmatory,143000,7,0.25,4,0.25,0.09157986111111109,0.10807291666666667,-0.01649305555555558,0.02186023464633359,0.0304887139548858,0.00862847930855221,0.020851347181532216,0.02547857496473534,0.004627227783203125,0.160172121392356,0.14073555005921257,0.1293663978505062,1.1381070477570576,1.1713297830687626
B,activation_relative_magnitude,7,confirmatory,143000,8,1.0,3,0.75,0.390625,0.384765625,0.005859375,0.5844654705789354,0.5462755461533865,0.038189924425548916,0.5562580956353081,0.52047069867452,0.03578739696078814,0.6408211323950025,0.4555337594615088,0.34128054422781884,1.4067478404949039,1.3402279147816225
B,activation_relative_magnitude,7,confirmatory,143000,4,0.75,10,0.5,0.3075086805555556,0.24457465277777776,0.06293402777777782,0.2773219545682271,0.2517576068639755,0.02556434770425159,0.28406577640109604,0.2978058656056722,0.013740089204576145,0.4222064481841194,0.3863258726067013,0.08881316526190047,1.0928764499651988,1.4386428112403988
B,activation_relative_magnitude,8,confirmatory,14000,1,0.25,9,0.25,0.06250000000000004,0.06662326388888891,-0.004123263888888867,0.012181224922339121,0.011225823519958392,0.0009554014023807293,0.007334020402696447,0.004734913508097331,0.0025991068945991156,0.10329336093531714,0.08588780793878766,0.18453121859045513,1.2026545258779273,0.2688139332113473
B,activation_relative_magnitude,8,confirmatory,14000,2,0.25,10,0.25,0.07443576388888888,0.078125,-0.003689236111111119,0.015276019151012102,0.014905183162126278,0.00037083598888582384,0.014050536685519699,0.018086963229709152,0.004036426544189453,0.10620174722539055,0.09400184369749492,0.12202616500819251,1.1297836621923698,0.30617870183454593
B,activation_relative_magnitude,8,confirmatory,14000,9,0.75,4,0.5,0.19986979166666666,0.1898871527777778,0.009982638888888867,0.11029448608557384,0.10705169455872642,0.0032427915268474217,0.09505544768439389,0.09912811385260678,0.004072666168212891,0.2576633443435033,0.24743116564220854,0.0405214412466112,1.0413536373832986,0.5699098366935977
B,activation_relative_magnitude,8,confirmatory,14000,4,0.25,7,0.25,0.08572048611111112,0.07855902777777779,0.007161458333333329,0.02064560664196809,0.011447280955811342,0.009198325686156748,0.02033262782626677,0.0220463010999891,0.0017136732737223319,0.12371558282110427,0.0907930119170083,0.3094029227701565,1.3626112870249276,1.0340774535304968
B,activation_relative_magnitude,8,confirmatory,14000,8,0.25,5,0.25,0.07530381944444446,0.059027777777777755,0.016276041666666706,0.01288464106619358,0.009980418305430146,0.0029042227607634346,0.03536669413248683,0.022700203789604984,0.012666490342881847,0.09972213953733444,0.08688489678833221,0.13780349661151722,1.1477499913509266,1.1348549656017999
B,activation_relative_magnitude,8,confirmatory,14000,3,0.25,6,0.25,0.083984375,0.05815972222222221,0.02582465277777779,0.01734346544577016,0.008534900637136566,0.008808564808633594,0.0035971535576713918,0.008356650670369467,0.0047594971126980745,0.10360867861244415,0.08578349732690388,0.18879444756007271,1.207792662236794,1.1981562883765644
B,activation_relative_magnitude,8,confirmatory,14000,9,0.5,6,0.5,0.13368055555555558,0.11393229166666663,0.01974826388888895,0.04690185561776161,0.03705063545041614,0.009851220167345472,0.03516491254170736,0.04068994522094712,0.005525032679239761,0.1717756158775753,0.17156699465380776,0.0012152365773591364,1.0012159752765297,1.3534575286838646
B,activation_relative_magnitude,8,confirmatory,72000,9,0.25,5,0.25,0.07269965277777779,0.07443576388888888,-0.001736111111111091,0.014704933596981898,0.014084995931221379,0.0006199376657605189,0.011714167065090653,0.011825985378689138,0.00011181831359848536,0.11256222426891327,0.10600042508708106,0.06006306899155262,1.0619035176174207,0.06944832081595091
B,activation_relative_magnitude,8,confirmatory,72000,9,1.0,1,0.75,0.30273437500000006,0.2936197916666667,0.00911458333333337,0.30478105942408246,0.3044878211286333,0.0002932382954491386,0.29945537779066306,0.30130426088968915,0.0018488830990260885,0.4502488970756531,0.34211987919277614,0.2746393348720296,1.3160559337797173,0.07117741599280164
B,activation_relative_magnitude,8,confirmatory,72000,1,0.25,6,0.25,0.07769097222222221,0.07660590277777779,0.0010850694444444198,0.017901601476801764,0.015437125642266536,0.002464475834535228,0.022479004330105152,0.019382185406155106,0.003096818923950046,0.11404007259342407,0.10989646530813642,0.037011202514300255,1.0377046456741759,0.45290217838352587
B,activation_relative_magnitude,8,confirmatory,72000,9,0.5,5,0.5,0.14626736111111108,0.13997395833333334,0.006293402777777735,0.06268580092324151,0.05778245545095867,0.004903345472282841,0.05699194802178287,0.05869637595282651,0.0017044279310436394,0.22512444853782654,0.21200085017416212,0.06006306899155262,1.0619035176174207,0.6039630759645267
B,activation_relative_magnitude,8,confirmatory,72000,9,0.75,5,0.75,0.22374131944444442,0.2239583333333333,-0.0002170138888888673,0.15446995861000487,0.1450964460770289,0.00937351253297597,0.14862272474500862,0.15138136015997997,0.0027586354149713443,0.33768715792232085,0.3180010782347785,0.06006512515322309,1.0619057010649762,0.809711846577246
B,activation_relative_magnitude,8,confirmatory,72000,2,0.25,7,0.25,0.08723958333333333,0.08116319444444446,0.006076388888888867,0.019926285992066067,0.01671851033137904,0.0032077756606870254,0.004564020368788076,0.013370699352688309,0.008806678983900234,0.11554446319739024,0.1129911740620931,0.022345708613926187,1.0225972440457518,0.9078894983287181
B,activation_relative_magnitude,8,confirmatory,72000,4,0.25,10,0.25,0.0950520833333333,0.07769097222222221,0.01736111111111109,0.031835200678971075,0.023684784563051328,0.008150416115919747,0.02734796206156398,0.0339377191331652,0.00658975707160122,0.13846617771519554,0.13419794042905173,0.03131021418889743,1.0318055349619941,1.2543587496987225
B,activation_relative_magnitude,8,confirmatory,143000,9,0.25,2,0.25,0.10221354166666667,0.11176215277777779,-0.009548611111111119,0.021763495066099692,0.02697288017306063,0.005209385106960937,0.01580561531914615,0.016134394539727204,0.0003287792205810547,0.14118905199898613,0.12893996304935879,0.09075289332510607,1.094998390413206,0.5428571254014973
B,activation_relative_magnitude,8,confirmatory,143000,10,1.0,3,1.0,0.46050347222222215,0.4971788194444445,-0.03667534722222232,0.9103376732932197,0.9562838276227316,0.04594615432951188,0.9312289555867513,0.9007845454745823,0.03044441011216903,0.7650179399384394,0.517453286382887,0.3909800312455083,1.4784289907328332,0.8246522428859953
B,activation_relative_magnitude,8,confirmatory,143000,1,0.25,7,0.25,0.11024305555555558,0.11935763888888891,-0.009114583333333329,0.02619004932542642,0.02669066997865836,0.000500620653231941,0.01123115751478417,0.02448076672024217,0.013249609205457999,0.12258730580409367,0.12069812417030334,0.01553088985009688,1.0156521209155225,0.9333693456870608
B,activation_relative_magnitude,8,confirmatory,143000,10,0.75,4,0.75,0.3739149305555555,0.42230902777777773,-0.04839409722222221,0.5602023402849833,0.575807167424096,0.01560482713911271,0.581024752722846,0.5404562155405683,0.04056853718227771,0.5737636950280932,0.4910055332713657,0.15576223329709207,1.1685483281732985,0.9982120821873053
B,activation_relative_magnitude,8,confirmatory,143000,9,0.5,5,0.5,0.1796875,0.18077256944444445,-0.0010850694444444475,0.08608398503727384,0.08975761300987667,0.0036736279726028304,0.08332620726691357,0.09304685062832323,0.009720643361409653,0.28237810399797225,0.23983377052678,0.16330090663219693,1.1773909211273552,1.0154056880209266
B,activation_relative_magnitude,8,confirmatory,143000,9,0.75,5,0.75,0.2638888888888889,0.2556423611111111,0.00824652777777779,0.21171544988950095,0.21764641669061446,0.005930966801113519,0.20868460337320963,0.2298605706956652,0.02117596732245558,0.4235665996869405,0.35975036356184215,0.1633004055469255,1.1773903311542537,1.2420060168316378
B,activation_relative_magnitude,9,pilot,14000,4,0.25,7,0.25,0.07052951388888891,0.07183159722222221,-0.001302083333333301,0.012109407223761082,0.011293375243743261,0.0008160319800178204,0.018142435285780262,0.019197675916883632,0.00105524063110337,0.10045886867576176,0.0944080783261193,0.06212173184009502,1.064091870705607,0.15195257340867335
B,activation_relative_magnitude,9,pilot,14000,1,0.25,9,0.25,0.07834201388888888,0.08138020833333333,-0.0030381944444444475,0.015665347273978922,0.012667408006058799,0.0029979392679201234,0.012130128012763178,0.01340561442905012,0.0012754864162869417,0.10358363307184643,0.08293036702606414,0.2223780312263007,1.249043466059799,0.3848263545444751
B,activation_relative_magnitude,9,pilot,14000,4,0.5,7,0.5,0.1432291666666667,0.14561631944444442,-0.002387152777777707,0.05361708005269369,0.04971812665462494,0.0038989533980687482,0.06538020239936,0.06709575653076187,0.0017155541314018696,0.20091773735152352,0.1888161566522386,0.06212173184009502,1.064091870705607,0.5042656152336661
B,activation_relative_magnitude,9,pilot,14000,2,0.25,6,0.25,0.07725694444444442,0.07161458333333333,0.005642361111111091,0.015140212658378815,0.011601394870214991,0.003538817788163824,0.009245978461371577,0.003778510623508128,0.005467467837863449,0.10524429712030624,0.09684994899564318,0.0831214237439962,1.0866737485328017,0.7183796346739457
B,activation_relative_magnitude,9,pilot,14000,5,1.0,10,1.0,0.3103298611111111,0.3153211805555555,-0.00499131944444442,0.29482561349868774,0.2925313876734839,0.0022942258252038328,0.36238185564676906,0.3880874845716688,0.02570562892489975,0.40482887625694275,0.34040679865413237,0.17332308101167196,1.1892502672024066,0.7631750590258602
B,activation_relative_magnitude,9,pilot,14000,6,1.0,9,1.0,0.2964409722222222,0.3005642361111111,-0.004123263888888895,0.2552596678336461,0.24290585683451757,0.01235381099912855,0.24283562766181102,0.25299003389146596,0.010154406229654939,0.38739979598257274,0.33172146810425657,0.1551615590337368,1.1678466220365848,0.9055679697155419
B,activation_relative_magnitude,9,pilot,14000,8,0.75,1,0.5,0.19835069444444445,0.17903645833333337,0.019314236111111077,0.09824140783813266,0.10333249262637562,0.005091084788242953,0.10032508108350975,0.09104453192816846,0.009280549155341294,0.24194016224808165,0.20716726614369285,0.15516391617147954,1.1678493748151797,1.1238366079263096
B,activation_relative_magnitude,9,pilot,14000,5,0.25,10,0.25,0.0703125,0.08463541666666663,-0.01432291666666663,0.01317398032794396,0.015541439151598347,0.002367458823654387,0.022332323922051422,0.03583857748243554,0.013506253560384117,0.10120721906423569,0.08510169966353309,0.17332308101167196,1.1892502672024066,1.1371627863910465
B,activation_relative_magnitude,9,pilot,14000,8,1.0,2,0.75,0.2608506944444444,0.2536892361111111,0.007161458333333315,0.19034367303053537,0.19905064006646475,0.00870696703592938,0.2003705501556395,0.1815692583719891,0.01880129178365042,0.3225870198673672,0.3157326446639167,0.021477134599614756,1.0217094282751367,1.4317216156782586
B,activation_relative_magnitude,9,pilot,72000,1,0.25,9,0.25,0.07986111111111109,0.08246527777777779,-0.002604166666666699,0.01605470809671614,0.014764851580063501,0.001289856516652638,0.01208413971794986,0.011758459938897273,0.0003256797790525869,0.11541994081603156,0.1011923369434145,0.1315541044289137,1.1405996175438953,0.15069763693543625
B,activation_relative_magnitude,9,pilot,72000,4,0.25,8,0.25,0.08094618055555554,0.08984375,-0.008897569444444461,0.015031807228095,0.015260246996250419,0.00022843976815541817,0.0287758244408504,0.024363305833604798,0.004412518607245602,0.11037319484684203,0.0995540726515982,0.1031663637747532,1.1086758372317593,0.3170118839652486
B,activation_relative_magnitude,9,pilot,72000,2,0.25,6,0.25,0.08159722222222221,0.08224826388888891,-0.000651041666666699,0.018354673766427573,0.01634077282829417,0.0020139009381334033,0.01156391037835025,0.008607546488444306,0.002956363889905944,0.12125864293840198,0.10481697155369651,0.1457101081613895,1.1568607749393198,0.39848101980706996
B,activation_relative_magnitude,9,pilot,72000,6,0.75,9,0.75,0.23567708333333334,0.24153645833333334,-0.005859375,0.16566161811351776,0.16534139547083113,0.00032022264268663503,0.15048093265957307,0.15799482663472494,0.00751389397515187,0.31445079379611546,0.30357707871331113,0.03519206101958651,1.0358186300786996,0.5065113101306111
B,activation_relative_magnitude,9,pilot,72000,4,0.5,8,0.5,0.16015624999999997,0.17296006944444445,-0.012803819444444475,0.06580181212888823,0.06641765145791902,0.0006158393290307818,0.09292321734958235,0.08526704046461327,0.007656176884969085,0.22074638969368407,0.1991081453031964,0.1031663637747532,1.1086758372317593,0.5719957252343505
B,activation_relative_magnitude,9,pilot,72000,7,1.0,10,1.0,0.3819444444444445,0.33441840277777785,0.04752604166666663,0.43450549907154506,0.4332308272520701,0.0012746718194749374,0.49479699134826644,0.5241992208692765,0.02940222952101007,0.45346152120166355,0.4015862113899655,0.12148818384768995,1.1291760233304522,0.6064614572103424
B,activation_relative_magnitude,9,pilot,72000,6,0.5,9,0.5,0.15451388888888887,0.16080729166666666,-0.00629340277777779,0.06848779486285315,0.06507416235076056,0.0034136325120925903,0.05467242664761033,0.0596823427412246,0.005009916093614272,0.20963394310739303,0.202384673886829,0.03519266899866817,1.0358192598349505,0.6753576574502105
B,activation_relative_magnitude,9,pilot,72000,4,0.75,8,0.75,0.24782986111111108,0.2549913194444445,-0.007161458333333398,0.1687868999110328,0.1652695354488161,0.0035173644622167044,0.2087664074367949,0.19666780365837955,0.012098603778415346,0.33111944132381016,0.2986620002322727,0.103166660244805,1.108676165920991,0.8074070907701596
B,activation_relative_magnitude,9,pilot,72000,6,1.0,9,1.0,0.31575520833333337,0.3248697916666667,-0.009114583333333315,0.3249620795249939,0.3375701275136736,0.012608047988679705,0.3150691986083986,0.32911607954237193,0.014046880933973327,0.41926788621478606,0.404769347773658,0.03519266899866817,1.0358192598349505,0.8167148829431776
B,activation_relative_magnitude,9,pilot,72000,4,1.0,8,1.0,0.3307291666666667,0.33572048611111116,-0.004991319444444475,0.34449711441993713,0.3269477056132422,0.01754940880669492,0.4000275135040285,0.37176410357157375,0.02826340993245474,0.44149277938736814,0.3982162906063928,0.1031663637747532,1.1086758372317593,1.2551460864108306
B,activation_relative_magnitude,9,pilot,72000,5,0.25,10,0.25,0.08550347222222221,0.08658854166666667,-0.0010850694444444614,0.017641845883594617,0.02304034204118782,0.0053984961575932015,0.03193267186482762,0.045587592654758126,0.013654920789930504,0.1148255467414856,0.10039655284749137,0.13428611924023556,1.1437200131354388,1.4501776684213539
B,activation_relative_magnitude,9,pilot,143000,7,0.25,4,0.25,0.15646701388888892,0.14127604166666666,0.015190972222222265,0.028664133201042812,0.02765512466430664,0.0010090085367361716,0.03414495786031102,0.030626773834228516,0.003518184026082505,0.1333234277036455,0.12454961240291595,0.06807383373386212,1.0704443404636732,0.33544645541245083
B,activation_relative_magnitude,9,pilot,143000,2,0.25,6,0.25,0.1440972222222222,0.13758680555555555,0.006510416666666657,0.032863789341515966,0.03153044875297281,0.001333340588543154,0.002520057890150381,0.008935266070895675,0.006415208180745294,0.13675073451466033,0.1307907501856486,0.044561093222630306,1.0455688519299104,0.5610146042373351
B,activation_relative_magnitude,9,pilot,143000,9,0.75,3,0.5,0.2845052083333333,0.29535590277777773,-0.01085069444444442,0.21186063687006632,0.20734975569778022,0.004510881172286096,0.19800337155659994,0.18549307187398276,0.012510299682617188,0.43549055523342556,0.33248113923602635,0.26988997449325214,1.3098203291594037,0.8676421353201363
B,activation_relative_magnitude,9,pilot,143000,7,1.0,10,0.75,0.4505208333333333,0.41970486111111116,0.030815972222222154,0.5443848305278355,0.5692511863178678,0.02486635579003227,0.6107290056016711,0.6384838951958552,0.02775488959418415,0.533293710814582,0.47977279954486424,0.10575966701492949,1.1115547011428957,0.8909376265815536
B,activation_relative_magnitude,9,pilot,143000,9,0.25,1,0.25,0.14171006944444442,0.13671875,0.00499131944444442,0.025186010739869546,0.028047010716464784,0.002860999976595238,0.014897372987535315,0.025709840986463856,0.010812467998928542,0.14516358905368382,0.12691087772448859,0.13437621693524854,1.1438230643146297,1.0069311975880932
B,activation_relative_magnitude,9,pilot,143000,7,0.75,10,0.5,0.3387586805555556,0.3196614583333333,0.019097222222222265,0.25669268270333606,0.2665749192237854,0.009882236520449339,0.29737567901611345,0.3177979787190754,0.020422299702961944,0.39996984269883895,0.3198486400975121,0.2235412668140105,1.2504972432488701,1.0416648784955156
B,activation_relative_magnitude,9,pilot,143000,9,1.0,1,0.75,0.37109375,0.3736979166666667,-0.002604166666666685,0.41582440998819137,0.44176420238282943,0.02593979239463806,0.40060954623752165,0.41948204570346403,0.018872499465942383,0.5806543562147353,0.3807326356569926,0.42205828286400887,1.525097409137931,1.065200676958221
B,activation_relative_magnitude,9,pilot,143000,10,1.0,1,1.0,0.5099826388888888,0.527560763888889,-0.01757812500000011,0.9442145691977606,1.0292101502418518,0.08499558104409122,1.0283824072943795,0.9845457606845435,0.043836646609835994,0.6396972801950243,0.5076435108979543,0.2312156137231213,1.2601309116775357,1.296952835473443
B,activation_relative_magnitude,9,pilot,143000,7,0.5,4,0.5,0.24088541666666666,0.21245659722222224,0.02842881944444442,0.10196854091352886,0.09428703371021481,0.00768150720331405,0.11946736441718227,0.10498428344726578,0.01448308096991649,0.266646855407291,0.2490992248058319,0.06807383373386212,1.0704443404636732,1.733689451659171
