target_id,run_id,step,layer,selected_beta,target_kl,target_nll_damage,alpha_min,alpha_max,block_alpha,noise_alpha,block_alpha_multiplier,noise_alpha_multiplier,objective,block_kl,block_nll_damage,block_output_logit_norm,block_output_abs_cosine,block_hidden_relative_norm,noise_kl,noise_nll_damage,noise_output_logit_norm,noise_output_abs_cosine,noise_hidden_relative_norm,no_bracket,numerical_issue,pathological,boundary_selected,coordinate_converged,block_evaluations,noise_evaluations,relative_kl_difference,relative_nll_difference,hidden_norm_ratio,output_norm_ratio,absolute_cosine_difference,pass_kl,pass_nll,pass_hidden_norm,pass_output_norm,pass_abs_cosine,block_target_kl_log_error,noise_target_kl_log_error,block_target_nll_log_error,noise_target_nll_log_error,mean_target_log_error,calibration_class,damage_regime
r2_s14000_l1,2,14000,1,0.610086654353,0.5876143508487278,0.6313015884823269,0.076260831794125,1.220173308706,0.4591157491736263,0.6234458125152603,0.7525418658117032,1.0218971486541166,0.4719277472131062,0.5882918834686279,0.6108608245849609,249.98912048339844,0.0034725300502032,0.4591143727302551,0.5878325899442037,0.7079927126566572,239.8267822265625,0.0033200808490316,0.6234458088874817,False,False,False,False,True,22,25,0.0007807238844026835,0.13719334441624487,1.3579313694311608,1.0423736588653205,0.00015244920117160003,True,True,False,True,True,0.0011523583685559599,0.0003713295605438174,0.032914551356987565,0.11465009920416198,0.03727208462256233,FAIL-TRADEOFF,mid
r2_s14000_l2,2,14000,2,0.667777390647,0.6941122081544665,0.7525731987423366,0.083472173830875,1.335554781294,0.4734701580019929,0.660584101405589,0.7090239421602076,0.9892280131939754,0.3719602836609552,0.6937881708145142,0.7767605781555176,264.83380126953125,0.003360697068274,0.473471999168396,0.6891207297643026,0.8163264592488604,250.62429809570312,0.0035215366321305,0.6605841716130575,False,False,False,False,True,29,24,0.006727472803019875,0.0484682085764428,1.3951916328165324,1.0566964308001856,0.00016083956385649998,True,True,False,True,True,0.00046694611623463366,0.007217150371926802,0.03163390069353257,0.08131608159688748,0.03015851969464537,FAIL-TRADEOFF,mid
r2_s14000_l3,2,14000,3,0.569293543783,0.7652236223220825,0.7743501398298474,0.071161692972875,1.138587087566,0.5206329024206788,0.588094394194,0.9145245157024486,1.0330248790212284,0.4400282942532938,0.76344895362854,0.8739867210388184,247.598876953125,0.0036516468971967,0.5206331014633179,0.7556931575139364,0.8830574353535967,295.6759033203125,0.003135054372251,0.5880942145983378,False,False,False,False,True,24,28,0.010158892847703428,0.010271941497379755,1.1295751517628838,1.1941730389039251,0.0005165925249456999,True,True,True,True,True,0.0023218438254543738,0.012532690386073209,0.12104103388145776,0.1313660958499144,0.06681541598572494,PASS-A,high
r2_s14000_l4,2,14000,4,0.367257583746,0.262666051586469,0.2992361386617024,0.04590719796825,0.734515167492,0.2541256996861245,0.3835174661035881,0.6919549409819159,1.0442737824274138,0.5114288526266219,0.2688872814178467,0.2958197593688965,163.49472045898438,0.0034444774501025,0.2541267871856689,0.2712549567222595,0.2768838405609131,192.7396240234375,0.0026941142665843,0.3835174838701884,False,False,False,False,True,21,22,0.00872859737946513,0.0640116767330938,1.5091580392486352,1.1788736876784323,0.0007503631835182002,True,True,False,True,True,0.023408804087404048,0.032175718807010194,0.01148267529830216,0.07763495302285656,0.03617553780389324,FAIL-TRADEOFF,low
r2_s14000_l6,2,14000,6,0.327424162539,0.1849737829632229,0.2089083989461266,0.040928020317375,0.654848325078,0.2898646777597167,0.340995934902209,0.8852879870317772,1.041450124688316,0.1814341379917665,0.1889955252408981,0.2084612846374511,156.9808349609375,0.00292195007205,0.2898675203323364,0.1832542320092519,0.2090624968210854,167.2411142985026,0.0027024878654628,0.3409956097602844,False,False,False,False,True,25,24,0.030377932092985928,0.0028757533884656225,1.1763843336747515,1.0653600762164257,0.00021946220658720017,True,True,True,True,True,0.021509237481598737,0.0093396666394,0.002142534531375946,0.0007373617804557126,0.008432200108207598,PASS-A,low
r2_s14000_l9,2,14000,9,0.370729772479,0.210194620821211,0.2148643864525687,0.046341221559875,0.741459544958,0.3418066532844568,0.4187674269951351,0.921983284479313,1.129575928566288,0.5941753636237326,0.2631009817123413,0.2150757312774658,188.0082855224609,0.0030073276720941,0.3418067395687103,0.2427867203950882,0.2147878805796303,203.11338806152344,0.0025444393977522,0.4187674323717753,False,False,False,False,True,26,24,0.07721089136589956,0.0013383690299494477,1.2251585000926206,1.0803427492415374,0.00046288827434190017,True,True,True,True,True,0.22450405201660664,0.14414949674393726,0.0009831361773634615,0.0003561292683287009,0.09249820355155901,PASS-A,low
r2_s14000_l10,2,14000,10,0.467887361263,0.2904930694235696,0.3209444946712916,0.058485920157875,0.935774722526,0.4204296405098816,0.4578614999359066,0.8985702015437805,0.9785720620877,0.2266015893745473,0.2910080254077911,0.3209700584411621,210.35394287109372,0.0030583040788769,0.4204276800155639,0.2929654816786448,0.2996030648549399,222.11198933919272,0.0026521328836679,0.4578611850738525,False,False,False,False,True,22,26,0.006681525276076176,0.06657005232822683,1.0890367281640776,1.0558964871664154,0.0004061711952090003,True,True,True,True,True,0.0017711269107211275,0.008475073505015175,7.964851321733111e-05,0.06880971296846533,0.01978389047435474,PASS-A,low
r2_s72000_l1,2,72000,1,0.708203932499,0.9493300782309636,0.9494883219401044,0.088525491562375,1.416407864998,0.5336751109159514,0.708203932499,0.7535613492469628,1.0,0.3142386749156771,0.9579410552978516,0.941904067993164,340.2170715332031,0.0028024825733155,0.5336745977401733,0.93745356798172,0.987187385559082,317.42059326171875,0.0029898320014278,0.7082039515177408,False,False,False,False,True,26,20,0.021387002052815702,0.04587104558702642,1.327033279298432,1.0718178932161726,0.00018734942811230023,True,True,False,True,True,0.009029692133096685,0.012589325896260727,0.008019800266821996,0.03893664406134288,0.017143865589380573,PASS-B,high
r2_s72000_l2,2,72000,2,0.699480193099,0.92882463004854,0.9390635490417482,0.087435024137375,1.398960386198,0.5088705960269033,0.7186780908883782,0.7274982208894097,1.0274459491187635,0.2644914529695886,0.9290904998779296,0.9484548568725586,335.30426025390625,0.0031327111646533,0.5088713765144348,0.9276368816693624,0.9729827245076494,324.24815877278644,0.0029287654130409,0.7186781962712606,False,False,False,False,True,23,24,0.001564560404780955,0.025208944637226203,1.4122983320333444,1.0340976538555064,0.0002039457516124,True,True,False,True,True,0.00028620234253102036,0.001279583264982619,0.0099510397331178,0.03548317287543049,0.011749999554015483,FAIL-TRADEOFF,high
r2_s72000_l3,2,72000,3,0.44408862564,0.8842032485538058,0.8943626085917153,0.055511078205,0.88817725128,0.5575003150419978,0.4624961545454409,1.255380757024691,1.041450124688316,0.2888597498868018,0.880897045135498,0.947169303894043,299.2143249511719,0.0031801271252334,0.5575000643730164,0.8839163780212402,0.9433062871297198,345.1488749186198,0.0028172826083997,0.4624961912631988,False,False,False,False,True,26,24,0.0034158580617109392,0.004078486019808088,1.2054154713147618,1.1535172153771172,0.00036284451683370016,True,True,True,True,True,0.0037461976486339067,0.00032449222413580937,0.05736656100749989,0.05327973528027438,0.028679246540135997,PASS-A,high
r2_s72000_l7,2,72000,7,0.341906038116,0.3825724124908447,0.3660224808586971,0.0427382547645,0.683812076232,0.3414434778445334,0.3446945889289459,0.99864711289097,1.0081558981184175,0.2817673954261558,0.3826831579208374,0.4146552085876465,238.69151306152344,0.0027935274410992,0.341443121433258,0.3827467163403829,0.4102018674214678,250.87360636393228,0.0024488056854655,0.3446946640809377,False,False,False,False,True,27,29,0.00016605869320887785,0.010739865492940913,1.0095229408459638,1.0510369771683874,0.00034472175563370023,True,True,True,True,True,0.0002894338441893443,0.00045550632666956987,0.12475259759964466,0.11395464346747114,0.05986304530949368,PASS-A,low
r2_s72000_l9,2,72000,9,0.37324227185,0.3535401688681708,0.3771826161278618,0.04665528398125,0.7464845437,0.3079654781684633,0.3918835158997198,0.8251087869603089,1.0499440858006872,0.3381301925951177,0.3836010694503784,0.3770089149475097,233.0232086181641,0.0027806079015135,0.3079656660556793,0.3816292881965637,0.3775997161865234,257.40709431966144,0.0024730653191606,0.391883651415507,False,False,False,False,True,24,22,0.005140187061104535,0.0015646231013633312,1.2724913670875995,1.1046414468588541,0.00030754258235290034,True,True,False,True,True,0.08160602017949056,0.07645257691110587,0.0004606288356903469,0.0011052195666537944,0.039906111373235145,PASS-B,low
r2_s72000_l10,2,72000,10,0.52014326253,0.5688886642456055,0.5656325022379556,0.06501790781625,1.04028652506,0.5159353464089977,0.5152373441297482,0.9919100824251096,0.99056814006128,0.228418326043419,0.5677657127380371,0.615577220916748,299.7353210449219,0.0026331101544201,0.5159386992454529,0.5723422169685364,0.5620072682698565,317.60264078776044,0.0025051642830173,0.5152372121810913,False,False,False,False,True,21,22,0.007996097605273898,0.08702393595252363,1.0013614836967826,1.059610324470771,0.00012794587140280015,True,True,True,True,True,0.0019758897614858997,0.0060523480778646955,0.08461582022953604,0.006429795316768721,0.02476846334641384,PASS-A,mid
r2_s143000_l1,2,143000,1,0.734741719419,1.0257128013504877,1.0317671828799777,0.091842714927375,1.469483438838,0.5789694379529887,0.734741719419,0.7879904225539434,1.0,0.2281941256278933,1.0274617671966553,1.024531364440918,739.5171508789062,0.0018416077364236,0.5789682865142822,0.9971227447191874,1.034977118174235,780.6235555013021,0.0014862227253615,0.734741727511088,False,False,False,False,True,21,20,0.02952812790323616,0.010092738815080375,1.2690534950271306,1.0555854648854883,0.00035538501106209997,True,True,False,True,True,0.0017036703025550242,0.02826918938927858,0.007037741007191401,0.00310627480492862,0.010029218875988408,PASS-B,high
r2_s143000_l2,2,143000,2,0.75,1.2016478247112696,1.209634330537584,0.09375,1.5,0.5752057491903585,0.7622837361832147,0.766940998920478,1.0163783149109529,0.372114280298816,1.202000617980957,1.2223119735717771,955.5806274414062,0.0015073951799422,0.57520592212677,1.198020060857137,1.2360491752624512,668.3440958658854,0.0020519338237742,0.7622836430867513,False,False,False,False,True,20,24,0.0033116098812880344,0.011113798678565698,1.325236082876118,1.429773425623497,0.0005445386438320001,True,True,False,False,True,0.00029354814618862027,0.0030235572511266057,0.01042601792057118,0.02160203628723133,0.008836289901279434,FAIL-TRADEOFF,high
r2_s143000_l3,2,143000,3,0.48739423558,1.250755018658108,1.227257172266642,0.0609242794475,0.97478847116,0.6077376045994404,0.5034903712456736,1.2469117610228433,1.0330248790212284,0.2937338117637887,1.225662350654602,1.270359992980957,834.0322265625,0.0016010194085538,0.60773766040802,1.248441497484843,1.2568380037943525,700.7030029296875,0.0021972917796423,0.5034903883934021,False,False,False,False,True,24,19,0.018246066696863794,0.010644218380078677,1.20704917991991,1.1902792239727154,0.0005962723710885001,True,True,True,True,True,0.020265991611046082,0.0018514124993090943,0.03451858122741109,0.02381730792364621,0.02011332331535312,PASS-A,high
r2_s143000_l4,2,143000,4,0.28795731005,0.3945920136239793,0.4097302754720051,0.03599466375625,0.5759146201,0.2799807430828324,0.3031587990398723,0.9722994808995036,1.0527907730046262,0.6401984789313228,0.5123011469841003,0.4094138145446777,467.295654296875,0.0022278330288827,0.2799826562404632,0.4341398477554321,0.4104109605153403,404.3791605631511,0.0019992747499297,0.3031592965126037,False,False,False,False,True,28,27,0.1525690498426584,0.0024296280231174945,1.0827788427442893,1.1555878736335083,0.00022855827895299982,False,True,True,True,True,0.26106027561925166,0.09551435783187301,0.0007726624581154846,0.001659921900668893,0.08975180445247725,FAIL-TRADEOFF,low
r2_s143000_l6,2,143000,6,0.324685111242,0.3667832811673482,0.3975701067182752,0.04058563890525,0.649370222484,0.3092403830194397,0.3367727961290281,0.952431670908837,1.0372289472738363,0.2589780735456428,0.3668763339519501,0.4009690284729004,492.6761169433594,0.0016971949953585,0.309238851070404,0.3805797398090362,0.3840446472167969,440.9354349772136,0.0018480701061586,0.3367726504802704,False,False,False,False,True,20,24,0.036006661479042724,0.04220869956106187,1.0890373228152654,1.1173429891585362,0.00015087511080009997,True,True,True,True,True,0.0002536674588138708,0.03692456210225077,0.008512900949544858,0.03461247302298759,0.02007590088339927,PASS-A,low
r2_s143000_l9,2,143000,9,0.365704773739,0.3689571420351664,0.3673667377895779,0.045713096717375,0.731409547478,0.5047339776182435,0.3762509133619777,1.3801678672602378,1.028837850584101,0.378357400763634,0.3922045826911926,0.3673229217529297,383.6069641113281,0.0020768078975379,0.5047366619110107,0.3639168242613474,0.3679108619689941,446.9855550130208,0.0016571033435563,0.3762512803077698,False,False,False,False,True,25,21,0.07212500740236874,0.0015980507151048633,1.3414882242999937,1.1652175190523892,0.00041970455398159987,True,True,False,True,True,0.06110310722235132,0.013755154299839744,0.00011927767358926068,0.0014800512865413918,0.01911439762058043,PASS-B,low
r2_s143000_l10,2,143000,10,0.73488173621,1.022492839230431,1.0224942366282146,0.09186021702625,1.46976347242,0.7388720713672251,0.7388720713672251,1.0054299011128027,1.0054299011128027,0.272733769860753,1.0075714588165283,1.0387983322143557,790.7559814453125,0.0013948536943644,0.7388721704483032,1.024473786354065,1.0239033699035645,1194.1970621744792,0.0010545084951445,0.7388713955879211,False,False,False,False,True,29,19,0.016498545655998918,0.014338646731402017,1.0000010487080522,1.5101966854449491,0.00034034519921989984,True,True,True,False,True,0.014700666524124483,0.0019354958867271782,0.015819622943122464,0.0013771844665669728,0.008458242455135276,FAIL-TRADEOFF,high
r3_s14000_l1,3,14000,1,0.649370222483,0.6331983407338461,0.718385034137302,0.081171277810375,1.298740444966,0.562561171500962,0.6528962385766816,0.8663180910111555,1.005429901112803,0.3211662459321779,0.6885448694229126,0.7179417610168457,271.27606201171875,0.0032631319481879,0.5625606775283813,0.6292654871940613,0.7303048769632978,254.33043416341147,0.0033137629119058,0.652896781762441,False,False,False,False,True,28,21,0.08609370988202253,0.016928705170174346,1.160580196665704,1.0666283919344839,5.0630963717900046e-05,True,True,True,True,True,0.08379677831010138,0.006230461697380024,0.000617231588277562,0.01645640207423931,0.026775218417499566,PASS-A,mid
r3_s14000_l2,3,14000,2,0.592865727479,0.5016940666569604,0.5203430122799345,0.074108215934875,1.185731454958,0.4596443157633268,0.5993216119757684,0.7752924388425,1.0108892860517005,0.5119769048888666,0.4986776411533355,0.5315375328063965,238.23928833007807,0.0032905167900025,0.4596439599990845,0.4965833723545074,0.615310986836751,227.36456807454428,0.0032532785553485,0.5993214050928751,False,False,False,False,True,27,28,0.0041996444716962365,0.1361481524343081,1.3038818243010633,1.0478294412697071,3.723823465399999e-05,True,True,False,True,True,0.0060306276596333004,0.010239115405931148,0.021285578936683102,0.16763957654278672,0.051298724636258564,PASS-B,mid
r3_s14000_l3,3,14000,3,0.723505480648,1.1653783188925848,1.2564765877193873,0.090438185081,1.447010961296,0.5897412344933216,0.6984818827307693,0.8151164714953176,0.9654133954938136,0.2086207538449818,1.1651042699813845,1.2702836990356443,304.6686706542969,0.0034813224337995,0.5897417664527893,1.1431924899419148,1.274186611175537,340.6220703125,0.0031214841486265,0.6984816392262777,False,False,False,False,True,24,20,0.018806711642915697,0.003063061647062872,1.1843855717178697,1.118008194216329,0.00035983828517300014,True,True,True,True,True,0.00023518640625928903,0.01922099326687335,0.010928815696530087,0.013996578118549754,0.01109539337205312,PASS-A,high
r3_s14000_l4,3,14000,4,0.46204268995,0.4211405383216011,0.4601081477271185,0.05775533624375,0.9240853799,0.3786636089061101,0.4448560749906716,0.8195424733309542,0.9628029718180624,0.2969537004036616,0.4335686564445495,0.4599666595458984,212.399169921875,0.0031881455797702,0.3786627650260925,0.3987279335657755,0.4606852531433105,231.73748779296875,0.0027545342842737,0.4448565443356831,False,False,False,False,True,25,21,0.08035802948599417,0.0015598363362166673,1.1748093169521292,1.091047050128335,0.0004336112954965001,True,True,True,True,True,0.029083562496860088,0.0546872846703386,0.0003075579968433181,0.0012534961506268797,0.02133297532866722,PASS-A,mid
r3_s14000_l5,3,14000,5,0.390096630006,0.2574349194765091,0.303992615805732,0.04876207875075,0.780193260012,0.3179741885927052,0.383810461403023,0.8151164714953177,0.9838856116165878,0.5596310461196716,0.2573088705539703,0.3220748901367187,174.23544311523438,0.0030794977210462,0.3179745078086853,0.2580307175715764,0.2629199028015136,193.48311360677084,0.0027437566313892,0.3838104208310445,False,False,False,False,True,27,28,0.002797523583237332,0.18366842354613291,1.207047770828734,1.1104693175360796,0.0003357410896569998,True,False,True,True,True,0.0004897540388038249,0.0023116899268147088,0.05778068556817853,0.14515397729162793,0.051434026706356245,FAIL-TRADEOFF,low
r3_s14000_l8,3,14000,8,0.355654776257,0.1952278746498955,0.2021975252363418,0.044456847032125,0.711309552514,0.3518236676996599,0.3634426017622461,0.9892280131939754,1.0218971486541166,0.2719653556990445,0.2195405960083007,0.2006287574768066,187.97964477539065,0.0026157535612583,0.351823627948761,0.2064340809981028,0.2014226913452148,186.0124918619792,0.002587124860535,0.3634422421455383,False,False,False,False,True,24,26,0.059699733208806456,0.003941630722466448,1.0330239735872326,1.0105753806839546,2.8628700723299857e-05,True,True,True,True,True,0.11736969881602843,0.05581367684674894,0.007788844758985681,0.0038394253366203657,0.04620291143959585,PASS-A,low
r3_s14000_l9,3,14000,9,0.371322893124,0.2099452780352698,0.2110987769232855,0.0464153616405,0.742645786248,0.3225559130180237,0.3825485922934573,0.8686669176368531,1.030231637686041,0.3572995716922387,0.2357787489891052,0.2103044986724853,181.42416381835935,0.0028615933842957,0.3225579857826233,0.2161150077978769,0.2106850941975913,192.99069213867188,0.0025660897760341,0.3825488189856211,False,False,False,False,True,25,23,0.08339912428722282,0.0018064663119881457,1.1859846472480162,1.0637540671367944,0.00029550360826159985,True,True,True,True,True,0.11604694503419419,0.028963793519137183,0.0037696868410457087,0.001961586901097018,0.037685503073868525,PASS-A,low
r3_s14000_l10,3,14000,10,0.443722056922,0.2584894531302982,0.2954315344492597,0.05546525711525,0.887444113844,0.3746427789909642,0.4295366606682486,0.8443185844530173,0.9680308967461472,0.5242676456277604,0.2576974034309387,0.296818733215332,204.08541870117188,0.0029966919682919,0.3746438324451446,0.2607446511586507,0.2417067686716714,212.24414571126303,0.0025968669603268,0.429536501566569,False,False,False,False,True,21,25,0.011686712322462453,0.1856754927381174,1.1465196124089811,1.0399770207103203,0.00039982500796509985,True,False,True,True,True,0.0030688511763079344,0.008686687530225416,0.004684510513906557,0.20071182433862603,0.05428796838976648,FAIL-TRADEOFF,low
r3_s72000_l1,3,72000,1,0.657500841239,0.8216641214158799,0.8519875208536782,0.082187605154875,1.315001682478,0.5280177726189902,0.6792147269772739,0.8030678282083855,1.0330248790212284,0.2696500367563594,0.8619440793991089,0.8494172096252441,313.89959716796875,0.0030700915958732,0.5280170440673828,0.8734270731608073,0.8429811795552569,313.83202107747394,0.0030305449229975,0.679214596748352,False,False,False,False,True,24,22,0.013147054991257668,0.007576995140970594,1.2863497577956742,1.0002153256709203,3.9546672875699716e-05,True,True,False,True,True,0.04785869533688015,0.06109293787170196,0.0030214012430137345,0.010627247641286312,0.03065007052322054,PASS-B,high
r3_s72000_l2,3,72000,2,0.68417864495,0.8010647826724583,0.798615190717909,0.08552233061875,1.3683572899,0.5079496767736889,0.68417864495,0.7424225829363762,1.0,0.2624272392909476,0.8214095830917358,0.7973847389221191,316.78533935546875,0.0029756925068795,0.5079495310783386,0.7982473969459534,0.8060226440429688,295.9715779622396,0.0031302794038007,0.6841781934102377,False,False,False,False,True,24,23,0.02819809583740356,0.010716702793264362,1.3469412836299541,1.070323513955399,0.00015458689692120003,True,True,False,True,True,0.025080047190761835,0.003523250403302963,0.0015419199170671014,0.009232620324558046,0.009844459458922487,PASS-B,high
r3_s72000_l3,3,72000,3,0.674128647469,1.7865699529647827,1.7594680786132812,0.084266080933625,1.348257294938,0.7193899149677939,0.6578997135871474,1.0671404006768237,0.975926058115489,0.1945546320709238,1.8212969303131104,1.747215747833252,406.5112609863281,0.0033585664350539,0.7193890810012817,1.7843441565831502,1.8041659990946453,443.4083658854167,0.0030997556944688,0.6578994194666544,False,False,False,False,True,24,22,0.020289263719127565,0.03156597080865713,1.0934636202968264,1.0907652713225315,0.00025881074058510013,True,True,True,True,True,0.0192512922374934,0.0012466257107309558,0.006988015598538987,0.02508689933428502,0.01314320822026209,PASS-A,high
r3_s72000_l4,3,72000,4,0.324685111242,0.420711682902442,0.4373422463734943,0.04058563890525,0.649370222484,0.3330323498802601,0.3326943763229011,1.0257087200775232,1.0246677928971355,0.1861862777012852,0.4391851723194122,0.4197845458984375,248.64425659179688,0.0029527065344154,0.3330318331718445,0.4352291921774546,0.4208483695983886,256.6046193440755,0.0025472757406532,0.3326944311459859,False,False,False,False,True,27,20,0.00900754486101016,0.0025278075829694023,1.001014149905351,1.03201506787807,0.0004054307937622001,True,True,True,True,True,0.04297336860664825,0.033925010544074194,0.040974467356442126,0.03844345947358533,0.03907907649518748,PASS-A,mid
r3_s72000_l5,3,72000,5,0.269183573168,0.2777864734331767,0.2731298870510523,0.033647946646,0.538367146336,0.2522475702328137,0.2811013481194738,0.93708381705515,1.0442737824274138,0.2206722071298504,0.2779111862182617,0.2888839244842529,208.60519409179688,0.0023816186003386,0.2522469758987427,0.2807559669017792,0.2687741120656333,208.7555694580078,0.0024986260881026,0.2811013559500376,False,False,False,False,True,18,22,0.010132574259811497,0.06961208538869659,1.1143893993114244,1.0007208610833762,0.00011700748776400033,True,True,True,True,True,0.0004488512233686886,0.010633109437818204,0.0560775032652403,0.016076164051552835,0.020808906994495006,PASS-A,low
r3_s72000_l6,3,72000,6,0.349443536227,0.3916894363032446,0.4318052397833927,0.043680442028375,0.698887072454,0.4386846910460363,0.3836591030267843,1.255380757024691,1.0979144361037996,0.8067323967326423,0.5645273923873901,0.4320225715637207,260.6402893066406,0.0030194425489753,0.4386826157569885,0.4518707593282063,0.4318461418151855,263.4417012532552,0.002553318394348,0.3836592336495717,False,False,False,False,True,25,26,0.19955919691116877,0.000408380858195946,1.1434173278819895,1.0107481922847266,0.00046612415462729973,False,True,True,True,True,0.3655196359938187,0.14292693679376,0.0005031831160301162,9.471884766200956e-05,0.1272611186878177,FAIL-TRADEOFF,low
r3_s72000_l8,3,72000,8,0.391466155654,0.3690718511740367,0.4042413499620223,0.04893326945675,0.782932311308,0.3769047780298634,0.3841164725743675,0.9628029718180624,0.9812252401044638,0.2445822708864022,0.3890204131603241,0.4029684066772461,256.99688720703125,0.0025740328710526,0.3769044280052185,0.3898945450782776,0.3798783620198565,257.0673116048177,0.002398807167386,0.3841165800889333,False,False,False,False,True,27,29,0.002241970114708825,0.05729988821650572,1.0191352277866998,1.00027402821315,0.00017522570366660002,True,True,True,True,True,0.052640474518038785,0.054884961610441534,0.0031539369525797186,0.06216099895460463,0.043210093008916164,PASS-A,low
r3_s72000_l9,3,72000,9,0.368810393754,0.319050669670105,0.3441070450676811,0.04610129921925,0.737620787508,0.3512666995716683,0.3851390248840334,0.9524316709088372,1.0442737824274138,0.3415935010817272,0.3607148230075836,0.3419392108917236,233.23562622070312,0.0025253719650208,0.3512666821479797,0.3477777441342671,0.3424483935038247,251.0128173828125,0.0023811643477529,0.3851394951343536,False,False,False,False,True,25,26,0.035865115731727314,0.001486888599158978,1.096430474929039,1.0762198787988217,0.00014420761726789992,True,True,True,True,True,0.12273775291652199,0.08621368019695569,0.006319811156751195,0.004831816041759224,0.05502576507799703,PASS-A,low
r3_s72000_l10,3,72000,10,0.492052665603,0.4807328250673082,0.5195619265238443,0.061506583200375,0.984105331206,0.4487774665624985,0.4686465424754125,0.9120516927035268,0.9524316709088372,0.3440032575733091,0.4808002114295959,0.5061020851135254,275.78521728515625,0.0028358832933008,0.4487807154655456,0.4804920752843221,0.4505875905354815,295.3457845052083,0.0024489584999779,0.468646506468455,False,False,False,False,True,23,27,0.0006408818838860434,0.10969030994130617,1.044266142278991,1.0709268154856422,0.00038692479332289986,True,True,True,True,True,0.000140164424601614,0.0005009229118642102,0.02624760934824478,0.14243351977236626,0.04233055411426922,PASS-A,mid
r3_s143000_l1,3,143000,1,0.692902384351,0.8428021934297351,0.8603199587927923,0.086612798043875,1.385804768702,0.550453566616108,0.709034214112059,0.794417192158582,1.023281533049087,0.3761906251059045,0.844368577003479,0.9293920993804932,786.7745971679688,0.0015589364338666,0.5504538416862488,0.8425317406654358,0.8638714949289961,940.9656168619792,0.0012949932909881,0.7090341250101725,False,False,False,False,True,27,22,0.0021753963708145484,0.07049834455787961,1.288090065531824,1.195978645280399,0.0002639431428784998,True,True,False,True,True,0.0018568174025276735,0.00032094858015899424,0.07722635067675203,0.0041196598573469195,0.020880944129196402,PASS-B,high
r3_s143000_l2,3,143000,2,0.754475145664,0.9341029723485312,0.9460280471377904,0.094309393208,1.508950291328,0.5571143107890537,0.7466005941403917,0.7384130729697497,0.9895628748423806,0.3259601625596899,0.9319692850112916,0.9525034427642822,971.1263427734376,0.0013035133015364,0.5571144819259644,0.9102861881256104,0.96129568417867,804.6943969726562,0.0016852224944159,0.7466004093488058,False,False,False,False,True,22,25,0.023265892164481102,0.00914624039106116,1.340120268939055,1.2068262764434738,0.00038170919287949996,True,True,False,True,True,0.00228682277299578,0.02582763840481992,0.0068215046954338155,0.01600982874451622,0.012736448654441433,PASS-B,high
r3_s143000_l3,3,143000,3,0.681526128789,1.7876547045177882,1.8058287567562523,0.085190766098625,1.363052257578,0.7417018058299273,0.6615270817344986,1.0882954805384395,0.9706554947643202,0.2339066335478566,1.7894127368927002,1.8036043643951416,1028.2373046875,0.0018171891570091,0.7417015433311462,1.7844191392262776,1.889663139979045,1199.797383626302,0.0019658134939769,0.6615269581476847,False,False,False,False,True,22,24,0.002790634918075938,0.045541860749243185,1.1211962478563746,1.1668487207735982,0.0001486243369678,True,True,True,True,True,0.0009829462515065863,0.0018115897475443914,0.0012325440411555162,0.045378948943536244,0.012351507245935684,PASS-A,high
r3_s143000_l4,3,143000,4,0.381006321887,0.5821225576930575,0.6313434176974825,0.047625790235875,0.762012643774,0.3799761021615362,0.3935890095736414,0.9972960560854702,1.0330248790212284,0.2785817593148673,0.5543675422668457,0.6477091312408447,775.3712158203125,0.0020534198265522,0.3799758851528168,0.6019613941510519,0.6282234986623125,724.4070231119791,0.0018203217769041,0.3935890197753906,False,False,False,False,True,29,24,0.07906462498534136,0.030083924463443518,1.0358263120225726,1.0703529798612337,0.0002330980496480998,True,True,True,True,True,0.04885310532405024,0.033512308144104136,0.02559176596536326,0.004953965327827665,0.028227786190336324,PASS-A,mid
r3_s143000_l5,3,143000,5,0.391832724372,0.519927226834827,0.5389819410112168,0.0489790905465,0.783665448744,0.2825123748125647,0.391832724372,0.7210025024463035,1.0,0.2937735499462676,0.5220636129379272,0.5316317081451416,788.3778076171875,0.0017765648663043,0.2825105786323547,0.5222770174344381,0.5311025778452558,656.9151000976562,0.0018826263646284,0.3918327887852986,False,False,False,False,True,26,21,0.00040860403461588163,0.0009952948475024236,1.3869667843299542,1.2001213056298872,0.00010606149832410004,True,True,False,True,True,0.004100590936382796,0.0045092784723739995,0.01373109404632776,0.014726884528642757,0.009266961995931827,FAIL-TRADEOFF,mid
r3_s143000_l8,3,143000,8,0.430339887499,0.4659952885574765,0.4829959604475231,0.053792485937375,0.860679774998,0.4642338003451304,0.4257042719087547,1.07876079775712,0.9892280131939756,0.2714487522649786,0.5165768265724182,0.479241132736206,829.6639404296875,0.0016916850581765,0.4642323553562164,0.4731343587239583,0.4787221749623613,834.3184204101562,0.0013998954479272,0.4257045090198517,False,False,False,False,True,24,18,0.08409681893148135,0.0010828740239422494,1.0905037309212,1.0056100786760218,0.00029178961024929986,True,True,True,True,True,0.10304849838935953,0.015203880971524569,0.007804410776531114,0.008887871532158498,0.03373616541739343,PASS-A,mid
r3_s143000_l10,3,143000,10,0.78055982873,0.971138185924954,1.0564743412865532,0.09756997859125,1.56111965746,0.7731976977516274,0.7474666527733648,0.99056814006128,0.9576032806985736,0.5324560511206236,0.970335841178894,1.0120375156402588,1251.25927734375,0.0009181103669106,0.7731986045837402,0.9705696503321328,0.95325509707133,2310.0259602864585,0.0005770554998889,0.7474660078684489,False,False,False,False,True,30,22,0.00024089889186085082,0.05808324065115356,1.0344264440715354,1.8461609053483485,0.0003410548670217,True,True,True,False,True,0.0008265315739855503,0.0005856036613258714,0.0429716302853175,0.10281000446729809,0.036798442496981755,FAIL-TRADEOFF,high
r5_s14000_l1,5,14000,1,0.631372890605,0.6387513412369622,0.622386932373047,0.078921611325625,1.26274578121,0.5252001457763665,0.6522239039345135,0.8318382901633682,1.0330248790212284,0.2360780788585957,0.6358091831207275,0.6574022769927979,259.6761474609375,0.0031784400343894,0.525200366973877,0.6381771961847941,0.6454074382781982,264.42271931966144,0.0031754096659521,0.6522241830825806,False,False,False,False,True,23,23,0.003710588655036864,0.018245812547940138,1.2418578205501898,1.0182788134572043,3.0303684372999865e-06,True,True,True,True,True,0.004616749516184578,0.0008992595498232658,0.054734147758643985,0.03631982751919899,0.024142496085962705,PASS-A,mid
r5_s14000_l2,5,14000,2,0.602549156242,0.5554652412732443,0.5288314819335939,0.07531864453025,1.205098312484,0.4799732295324238,0.602549156242,0.7965710756711335,1.0,0.3560310283654447,0.5691145658493042,0.5195925235748291,251.17794799804688,0.0032039212528616,0.4799738526344299,0.5187245011329651,0.5285100142161054,240.63509623209637,0.003162980157261,0.602549135684967,False,False,False,False,True,23,17,0.08854116155178832,0.016872888689730702,1.2553790844595043,1.0438126105918553,4.094109560059999e-05,True,True,False,True,True,0.024275724658931436,0.06843311926230886,0.017624925551646783,0.0006080679299245463,0.027735459350702905,PASS-B,mid
r5_s14000_l3,5,14000,3,0.543941998153,0.4578365882237752,0.4511782328287761,0.067992749769125,1.087883996306,0.4524717816916375,0.5294117891257802,0.8318382901633682,0.9732872087896168,0.3401697153753679,0.5033517479896545,0.4512269496917724,234.1695251464844,0.0031441629398614,0.4524712860584259,0.4508489072322845,0.456681489944458,226.334716796875,0.0031585022031019,0.5294121305147806,False,False,False,False,True,23,22,0.10430646355567866,0.011943861033975755,1.1700458058376098,1.0346160255946981,1.4339263240500076e-05,True,True,True,True,True,0.09477689970480879,0.015380060028176034,0.00010797115084719589,0.012123733183543739,0.030597166016843938,PASS-A,mid
r5_s14000_l4,5,14000,4,0.482595788767,0.6056164900461832,0.5590471161736382,0.060324473595875,0.965191577534,0.5122161801829929,0.4985334563071845,1.061377227289262,1.0330248790212284,0.2600281793974124,0.6190934181213379,0.5554831027984619,245.62124633789065,0.0032054875046014,0.512215793132782,0.5671058495839437,0.5610957940419512,271.2226867675781,0.0029277807722489,0.498533546924591,False,False,False,False,True,23,25,0.08397370576988589,0.01000308913930238,1.0274449859845303,1.1042313757925835,0.0002777067323525002,True,True,True,True,True,0.02200924807974212,0.06570096114886853,0.006395565526735286,0.003657890674364113,0.024440916357427515,PASS-A,mid
r5_s14000_l8,5,14000,8,0.408687082529,0.2813361187775929,0.2636863125695119,0.051085885316125,0.817374165058,0.393485137602575,0.393485137602575,0.9628029718180624,0.9628029718180624,0.7169797568790235,0.3614989817142486,0.2628462314605713,227.60397338867188,0.0025859340094029,0.3934833705425262,0.2619236608346303,0.2656347751617431,205.5486246744792,0.0026852585530529,0.3934851785500844,False,False,False,False,True,28,28,0.2754511794401923,0.010497660554699193,1.0000045948766672,1.10729990895887,9.932454365000004e-05,False,True,True,True,True,0.2507091180130763,0.07149701630288459,0.003190996762903069,0.007362152909271271,0.08318982099703381,FAIL-TRADEOFF,low
r5_s72000_l1,5,72000,1,0.675681457476,0.8380605710877312,0.8611141840616862,0.0844601821845,1.351362914952,0.5071036871285827,0.693286966733605,0.7505070348132128,1.026055930738976,0.3366552085200873,0.9019110202789308,0.8610107898712158,347.9410400390625,0.0029077078215777,0.5071037411689758,0.8635298609733582,0.862214008967082,327.30908203125,0.0028911102563142,0.6932870149612427,False,False,False,False,True,23,26,0.042555372362234375,0.001395499357877075,1.3671502666549253,1.0630350917236162,1.6597565263499776e-05,True,True,False,True,True,0.07342548965154286,0.029938099908653967,0.0001200774533318839,0.0012763965205970142,0.02619001588353143,FAIL-TRADEOFF,high
r5_s72000_l2,5,72000,2,0.66755083872,0.7998163170284696,0.7792376942104763,0.08344385484,1.33510167744,0.5003238019478264,0.6729953153494644,0.7494916835205777,1.0081558981184175,0.1937563490739578,0.7999483942985535,0.7806637287139893,323.55584716796875,0.0029696933925151,0.5003242492675781,0.813298225402832,0.7796930472056074,318.1930847167969,0.0029838080517947,0.6729951103528341,False,False,False,False,True,22,21,0.016414435304671057,0.0012434054160309178,1.3451179137083258,1.0168537994970723,1.4114659279600063e-05,True,True,False,True,True,0.00016512086989898072,0.016715765608614024,0.001828365407987583,0.0005841863220522638,0.004823359552138213,PASS-B,high
r5_s72000_l4,5,72000,4,0.418143959365,0.7240708205435012,0.7584351963467068,0.052267994920625,0.83628791873,0.5601738827403545,0.4366567740452634,1.3396675240533031,1.0442737824274138,0.3864771360152572,0.8055643439292908,0.7557718753814697,299.29315185546875,0.0029888967983424,0.560172975063324,0.7485913832982382,0.7558222611745196,324.5734354654948,0.0027807287406176,0.4366569717725118,False,False,False,False,True,27,22,0.0707242829953922,6.666354728893075e-05,1.2828673564723898,1.0844666289666194,0.0002081680577248001,True,True,False,True,True,0.10665387412626108,0.03330407895022404,0.0035177800466839938,0.003451114277282018,0.03673171185011278,PASS-B,high
r5_s72000_l6,5,72000,6,0.295861376879,0.3031642966800266,0.304299275080363,0.036982672109875,0.591722753758,0.305632163057483,0.3077080096794177,1.0330248790212284,1.0400411602399278,0.4723434157874663,0.3781781792640686,0.3023321628570556,229.82391357421875,0.0025955899618566,0.3056325912475586,0.3053673505783081,0.3025294144948325,223.8998057047526,0.0024454948337127,0.3077079157034556,False,False,False,False,True,28,24,0.19253048609903864,0.0006520081298748076,1.0067902590081084,1.0264587450213245,0.00015009512814390027,False,True,True,True,True,0.22109056645091937,0.007240588169885677,0.00648538468350525,0.005833163903891785,0.06016242580205053,FAIL-TRADEOFF,low
r5_s72000_l8,5,72000,8,0.441349574343,0.4778973526424832,0.476203574074639,0.055168696792875,0.882699148686,0.4192186953571074,0.441349574343,0.9498563490882778,1.0,0.2825118611782307,0.5337415933609009,0.4759581089019775,288.3466796875,0.0025084763765335,0.4192165732383728,0.4705042739709218,0.4756435553232832,287.0836181640625,0.0025034080414722,0.4413493971029917,False,False,False,False,True,24,17,0.11847927944266429,0.0006608850081785065,1.0527956795543507,1.004399629388521,5.0683350612998855e-06,True,True,True,True,True,0.11051584827027063,0.01559092312940311,0.0005155955810613085,0.0011766990700026402,0.03194976651268443,PASS-A,mid
r5_s72000_l10,5,72000,10,0.417777390647,0.4103629721535577,0.4008664025200736,0.052222173830875,0.835554781294,0.4410246880645604,0.4246198803136928,1.0556451783605572,1.016378314910953,0.3258849215628664,0.4729291498661041,0.3988373279571533,284.6489562988281,0.0023876572959125,0.4410259127616882,0.420419563849767,0.4001093705495195,291.8604227701823,0.00229476345703,0.4246197740236918,False,False,False,False,True,28,22,0.1110305550656027,0.003179237193618165,1.038637246170835,1.025334596568074,9.289383888250007e-05,True,True,True,True,True,0.14190352241709875,0.024211108205664942,0.005074576595979814,0.0018902748907572195,0.04326987052737518,PASS-A,low
r5_s143000_l1,5,143000,1,0.709756742507,0.899085309770372,0.885656966103448,0.088719592813375,1.419513485014,0.5355698140180746,0.7472253495891901,0.7545822137967114,1.0527907730046262,0.3935996703174103,0.996259868144989,0.8781325817108154,677.3231201171875,0.0019179923692718,0.5355695486068726,0.9474849700927734,0.882775068283081,682.7924397786459,0.00177092749315,0.7472259799639384,False,False,False,False,True,27,27,0.0489580074554576,0.0052589688348299735,1.3951987783981237,1.0080749047227446,0.00014706487612180003,True,True,False,True,True,0.10263021130412683,0.05243315009078092,0.00853211773249617,0.003259271847030319,0.04171368774360856,FAIL-TRADEOFF,high
r5_s143000_l2,5,143000,2,0.748037353707,1.0421509676509433,1.0174618032243514,0.093504669213375,1.496074707414,0.5958649194845731,0.7500654887207252,0.7965710756711335,1.0027112750502023,0.3473437290903278,1.075117588043213,0.9857404232025146,747.2081909179688,0.0018256471958011,0.5958638191223145,1.067186752955119,0.9950184027353924,605.9065144856771,0.0021911405492573,0.7500653664271036,False,False,False,False,True,27,26,0.007376714116014659,0.009324430088299687,1.2587865588678695,1.2332070592643076,0.0003654933534562,True,True,False,True,True,0.031143224404665805,0.023739167784868002,0.031673319312572876,0.022305144584457648,0.027215214021641083,PASS-B,high
r5_s143000_l4,5,143000,4,0.507947334397,1.0863103667895,1.1163584656185574,0.063493416799625,1.015894668794,0.5847435007411527,0.507947334397,1.151189229952983,1.0,0.1778242743381395,1.1104044914245603,1.1145331859588623,567.7335205078125,0.0025885307695716,0.5847445726394653,1.080216884613037,1.1314731438954668,591.4167887369791,0.0022491219763954,0.50794784228007,False,False,False,False,True,21,20,0.027186135362974734,0.014971595241123592,1.151190189162966,1.04171546574876,0.0003394087931761999,True,True,True,True,True,0.021937386010573098,0.005625129561650797,0.0016363681900020922,0.013448432717177305,0.010661829119850823,PASS-A,high
r5_s143000_l5,5,143000,5,0.323725421879,0.4473706583182017,0.464965502421061,0.040465677734875,0.647450843758,0.3045924197512178,0.3473362926385354,0.9408974370417732,1.0729348675259756,0.2525732560585695,0.4827481210231781,0.4657762050628662,428.35400390625,0.0021814967039972,0.3045921921730041,0.4867299795150757,0.4634163379669189,421.8262430826823,0.0020950706675648,0.3473364015420278,False,False,False,False,True,28,28,0.008180836725661875,0.005066525662531018,1.1403325839179923,1.01547499931693,8.642603643240019e-05,True,True,True,True,True,0.0761075648192396,0.08432204822062547,0.0017420576306204072,0.003337346390493529,0.04137725426524475,PASS-A,mid
r5_s143000_l6,5,143000,6,0.315594803123,0.4099051654338836,0.410546965069241,0.039449350390375,0.631189606246,0.3753075853317545,0.3295673787716902,1.189207115002721,1.0442737824274138,0.3218630865400054,0.4303714632987976,0.3947865962982178,478.63482666015625,0.0019677886739373,0.3753085732460022,0.4294867018858592,0.4114085038503008,410.5349629720052,0.0020102594668666,0.3295673032601674,False,False,False,False,True,24,18,0.0020558087335919542,0.04040244038837673,1.1387918932892043,1.1658807892880847,4.247079292930009e-05,True,True,True,True,True,0.04872287478131804,0.0466649499722898,0.03914497540332768,0.002096315747367339,0.03415727897607572,PASS-A,low
r5_s143000_l8,5,143000,8,0.458203932499,0.5062560439109802,0.4645285606384279,0.057275491562375,0.916407864998,0.567485523754767,0.458203932499,1.2384998981998163,1.0,0.4008846901551662,0.4899370670318603,0.4646222591400146,561.1495971679688,0.0017276272410526,0.5674868822097778,0.482752780119578,0.4923107624053955,476.5128072102864,0.0019149468668426,0.458203911781311,False,False,False,False,True,23,21,0.014663693351079109,0.05624192152553572,1.2385029189370742,1.1776170308059144,0.00018731962578999992,True,True,True,True,True,0.0327656087116925,0.04753787672506999,0.00020168631380354743,0.05808710479640019,0.03464806913674156,PASS-A,mid
r5_s143000_l9,5,143000,9,0.477344238099,0.4552549189991421,0.469718747668796,0.059668029762375,0.954688476198,0.5465458559283778,0.4931084738137,1.1449721444318042,1.0330248790212286,0.3461257956628016,0.4513958692550659,0.4833009243011474,460.26861572265625,0.0019814325496554,0.5465466976165771,0.4887485802173614,0.4650126298268633,515.9753723144531,0.0017016058942923,0.4931083222230275,False,False,False,False,True,26,25,0.07642520607565466,0.037840387954417735,1.108370459359783,1.1210309690664721,0.0002798266553631001,True,True,True,True,True,0.008512810221585504,0.07099068276961344,0.0285053849577849,0.01006954023403031,0.02951960454575354,PASS-A,mid
r5_s143000_l10,5,143000,10,0.710123311225,0.8987416625022888,0.9176686339908176,0.088765413903125,1.42024662245,0.654721822868551,0.710123311225,0.921983284479313,1.0,0.430845824921385,0.9753804206848145,0.9133880138397216,822.5361328125,0.0013001537881791,0.6547219753265381,0.9260255297025044,0.9118023713429766,1257.1307779947915,0.0009713501785881,0.7101238171259562,False,False,False,False,True,22,20,0.05060065789269995,0.0017360009905091883,1.08461888234575,1.5283593362595274,0.000328803609591,True,True,True,False,True,0.08183193773922266,0.029906171917774903,0.004675582215776088,0.006413091802206964,0.030706695918745155,FAIL-TRADEOFF,high
r6_s14000_l1,6,14000,1,0.620363203761,0.5865197479724884,0.6223341888851589,0.077545400470125,1.240726407522,0.5049841536170927,0.6548834248826074,0.814013710928674,1.0556451783605572,0.2443366735552274,0.6030318140983582,0.6211555004119873,253.51043701171875,0.0034081358462572,0.5049841403961182,0.6112796465555826,0.6188843250274658,263.56409708658856,0.0031858516546587,0.6548837423324585,False,False,False,False,True,19,26,0.013492732015042691,0.003656371686341191,1.2968402172362476,1.0396577758035463,0.00022228419159849976,True,True,False,True,True,0.027763616625199234,0.041348202726334785,0.0018957757934473332,0.005558848345633518,0.019141610872653717,PASS-B,mid
r6_s14000_l2,6,14000,2,0.564408561834,0.4509906868139903,0.4819903373718264,0.07055107022925,1.128817123668,0.4625567887346031,0.5934002350013085,0.8195424733309542,1.051366465939323,0.4244899939404047,0.518134355545044,0.4812777042388916,245.67611694335935,0.0033551540691405,0.4625568091869354,0.4781306783358256,0.4816629886627197,236.70177205403647,0.0031954622051368,0.5934003790219625,False,False,False,False,True,26,26,0.07720715057996305,0.0007999045658414021,1.2828702707127715,1.037914143233681,0.00015969186400370018,True,True,False,True,True,0.13878789305741865,0.058437391558595564,0.001479615708530984,0.0006793910483243747,0.04984607284321739,PASS-B,mid
r6_s14000_l3,6,14000,3,0.574911663169,0.4482773906654782,0.4883725378248427,0.071863957896125,1.149823326338,0.4554847647156166,0.5979317931977532,0.7922691326262469,1.0400411602399278,0.5462122819349898,0.5434637665748596,0.4865829944610595,244.4180145263672,0.003404397284612,0.4554851353168487,0.4836399753888448,0.4882020155588789,236.24773152669272,0.0032619005069136,0.5979315638542175,False,False,False,False,True,25,25,0.11007871152671293,0.0033162933503376787,1.3127356251438727,1.0345835405355048,0.00014249677769840024,True,True,False,True,True,0.19255082110589428,0.0759285610212476,0.0036710297326332545,0.00034922529387238025,0.06812490928841189,PASS-B,mid
r6_s14000_l4,6,14000,4,0.701033003106,1.044528702894847,1.0565301047431097,0.08762912538825,1.402066006212,0.5721976667406792,0.7105881424921325,0.8162207259936374,1.0136300849514894,0.3164006278453838,1.088817119598389,1.0578320026397705,306.8724975585937,0.0035683284513652,0.572197675704956,1.0180190006891887,1.0581417878468828,351.9426574707031,0.0031556002019594,0.7105875611305237,False,False,False,False,True,25,23,0.06502296633186125,0.0002927634185421295,1.2418567766022945,1.1468693358664495,0.00041272824940580006,True,True,True,True,True,0.04152611392492504,0.02570719899197531,0.001231480697319619,0.0015242869794373532,0.01749727014841433,PASS-A,high
r6_s14000_l5,6,14000,5,0.336881039375,0.2650355199972788,0.2909433576795791,0.042110129921875,0.67376207875,0.4149738659150696,0.3733883025518907,1.231811284734076,1.1083684117236785,0.5971247423726355,0.346116840839386,0.2902023792266845,205.8160095214844,0.0031028734520077,0.4149726033210754,0.2976890206336975,0.2906049887339277,207.3962910970052,0.002787288899223,0.3733880122502644,False,False,False,False,True,28,25,0.1399175494848608,0.0013854184300043505,1.1113709859619902,1.007678127562549,0.0003155845527846998,True,True,True,True,True,0.26691255361088556,0.11618553197283144,0.002550062083828996,0.0011636830744061043,0.09670295768548803,PASS-A,low
r6_s14000_l8,6,14000,8,0.403068963143,0.2307179205947452,0.271018319659763,0.050383620392875,0.806137926286,0.3666257069787342,0.3965737533256145,0.9095855560793042,0.983885611616588,0.5342321970318522,0.2308118790388107,0.2853901386260986,182.23452758789065,0.0032529896125197,0.3666266798973083,0.2311254392067591,0.2271697521209716,194.4499308268229,0.0027160880466302,0.396573672691981,False,False,False,False,True,23,28,0.001356666618025948,0.20400279696210497,1.081682524585988,1.0670312229006151,0.0005369015658895,True,False,True,True,True,0.00040716090461830154,0.0017647486279832717,0.05167073281358381,0.17648887410183223,0.0575828791120044,FAIL-TRADEOFF,low
r6_s14000_l9,6,14000,9,0.37324227185,0.2134044021368026,0.2137982315487331,0.04665528398125,0.7464845437,0.4081271364970589,0.3993818135558752,1.0934643990728858,1.070033711820242,0.6215968460490353,0.285816341638565,0.2135381698608398,209.21530151367188,0.0030781347304582,0.4081294536590576,0.231687530875206,0.2136212984720864,200.38444010416663,0.0025889970517406,0.3993821243445078,False,False,False,False,True,28,22,0.18938319080372504,0.00038914008968767136,1.0219021553077383,1.044069596446284,0.0004891376787176001,False,True,True,True,True,0.2921604752178164,0.08220064694850748,0.0012171287966115597,0.0008279129722709338,0.0941015409838016,FAIL-TRADEOFF,low
r6_s72000_l1,6,72000,1,0.642016008731,0.7643024126688639,0.7929642995198569,0.080252001091375,1.284032017462,0.4923883990590914,0.6503263855140772,0.766940998920478,1.0129441893505169,0.2812865844400413,0.7587273120880127,0.802753210067749,295.9791564941406,0.0031940625049173,0.4923891425132751,0.7377907037734985,0.8201731840769453,298.0469563802083,0.0030696877899269,0.6503261923789978,False,False,False,False,True,23,22,0.027594378086768418,0.021239384982820884,1.3207565647350639,1.0069863023821024,0.0001243747149903998,True,True,False,True,True,0.0073210987174024186,0.03530335379214529,0.012269130699854842,0.03373731695208299,0.022157725040371386,PASS-B,high
r6_s72000_l2,6,72000,2,0.589986659391,0.5691659980350071,0.5819150341881646,0.073748332423875,1.179973318782,0.4549419064795338,0.599649646691767,0.7711054127039704,1.016378314910953,0.3420732030501437,0.5676895380020142,0.6262805461883545,267.1706848144531,0.0031427948269993,0.4549444913864136,0.5721961458524069,0.5701801776885986,267.26674397786456,0.0030823786898205,0.5996495882670084,False,False,False,False,True,24,25,0.0078759842810181,0.08957705750432748,1.3180719837694868,1.000359542303371,6.0416137178800206e-05,True,True,False,True,True,0.0025974467578282734,0.005309716907517798,0.07347397985167888,0.020372035619335538,0.02543829478409012,PASS-B,mid
r6_s72000_l3,6,72000,3,0.648777101839,0.6611291766166687,0.652304967244466,0.081097137729875,1.297554203678,0.4962283470246442,0.6505361150083587,0.7648672334736435,1.0027112750502023,0.2787205021011894,0.6609833240509033,0.6873509883880615,296.9681091308594,0.0029825831297785,0.4962297976016998,0.66087806224823,0.6900740464528399,280.0703531901042,0.0031259226767967,0.6505358219146729,False,False,False,False,True,25,29,0.0001592503151641288,0.003946037499563382,1.3109567886862696,1.0603339687627893,0.00014333954701819997,True,True,False,True,True,0.0002206356362010221,0.0003798986330430014,0.052332868143152425,0.056286711791026275,0.027305028550855683,PASS-B,mid
r6_s72000_l4,6,72000,4,0.729123600034,1.7777680026160347,1.7505127059088814,0.09114045000425,1.458247200068,0.7400628381161586,0.7311004546592861,1.0150032697908125,1.0027112750502023,0.0637216591409024,1.7729521989822388,1.759235143661499,413.7020263671875,0.003014693967998,0.7400619983673096,1.774517814318339,1.7604488531748457,448.2705891927083,0.003166570328176,0.7311006585756937,False,False,False,False,True,21,21,0.0008822764829226286,0.0006894318520857965,1.0122573269309616,1.0835590850958001,0.00015187636017799985,True,True,True,True,True,0.002712580160247294,0.001829914242352134,0.004970417297089721,0.005660086916604099,0.0037932496540733123,PASS-A,high
r6_s72000_l5,6,72000,5,0.285218258752,0.325030956003401,0.3253116342756481,0.035652282344,0.570436517504,0.3658979521911394,0.3002751511065517,1.2828700160787785,1.0527907730046264,0.1882316200144375,0.3338477611541748,0.323253870010376,219.0882873535156,0.0030576521530747,0.3658985495567322,0.3282928466796875,0.3247030576070151,228.29727681477863,0.0025384547188878,0.3002753059069316,False,False,False,False,True,24,21,0.016639064630186273,0.00446311656970315,1.2185435910268345,1.0420332349688946,0.0005191974341869003,True,True,True,True,True,0.026764657103387223,0.009985608260661753,0.006345607827192166,0.0018725018189649297,0.011242093752551518,PASS-A,low
r6_s72000_l6,6,72000,6,0.22985673747,0.2237263073523839,0.2139054139455158,0.02873209218375,0.45971347494,0.2336214035006878,0.2426471566238939,1.0163783149109529,1.0556451783605572,0.377470251573107,0.2545702457427978,0.213484525680542,194.47994995117188,0.002710256492719,0.2336210012435913,0.2184772690137227,0.2188565731048584,193.8826904296875,0.0024135570662717,0.242647444208463,False,False,False,False,True,24,25,0.14178002862730957,0.024545972497442673,1.0386371213066645,1.0030805200823276,0.0002966994264472999,True,True,True,True,True,0.12915334999155761,0.023741485470308743,0.0019695756123888687,0.022882671528778372,0.0444367706507584,PASS-A,low
r6_s72000_l9,6,72000,9,0.391422888087,0.3710829549365573,0.3837833934360081,0.048927861010875,0.782845776174,0.3814829936269587,0.391422888087,0.9746057403320983,1.0,0.2263587777152607,0.3732424974441528,0.3819036483764648,243.82696533203125,0.0026448827702552,0.381485104560852,0.3732231557369232,0.3544593652089438,265.2777506510417,0.0024915976294626,0.391422967116038,False,False,False,False,True,24,22,5.182075289390858e-05,0.07186179887045115,1.0260504602574194,1.0879754431172113,0.0001532851407926002,True,True,True,True,True,0.005802699773975312,0.005750877678339887,0.004909966430838445,0.07948460008381877,0.023987035991743105,PASS-A,low
r6_s143000_l1,6,143000,1,0.664078649987,0.7476856973436145,0.7725881205664741,0.083009831248375,1.328157299974,0.5361959665497358,0.6786200789037904,0.8074284071024304,1.0218971486541166,0.284751594699022,0.7476397752761841,0.7769124507904053,987.77490234375,0.0014613806270062,0.5361963510513306,0.7149333953857422,0.80182687441508,983.9187825520834,0.0012343478156253,0.678620437781016,False,False,False,False,True,24,26,0.04374617425665976,0.031072073560579335,1.2656192763157865,1.0039191444050541,0.00022703281138090003,True,True,False,True,True,6.142083216749476e-05,0.044793313904212755,0.005581593876908431,0.03714664305404132,0.0218957429168325,PASS-B,high
r6_s143000_l2,6,143000,2,0.664078649987,0.6894046068191528,0.700036923090617,0.083009831248375,1.328157299974,0.5203734933453058,0.6767851282711607,0.7836022033768029,1.019133996077738,0.3963420940766444,0.6516934037208557,0.7367475032806396,949.974853515625,0.0012723319232463,0.5203740000724792,0.6937895814577738,0.6969797611236572,898.1608479817709,0.0014181674923747,0.6767851114273071,False,False,False,False,True,31,24,0.0606757133026798,0.05397743729011894,1.30057441634813,1.0576890048706573,0.00014583556912839998,True,True,False,True,True,0.056254124783326,0.006340381365971454,0.05111215185898599,0.004376707711000337,0.029520841429820945,PASS-B,mid
r6_s143000_l3,6,143000,3,0.726977669381,0.8249830868509079,0.8161831167009143,0.090872208672625,1.453955338762,0.5682171199434158,0.7250119625358781,0.7816156449856788,0.99729605608547,0.3802053566435163,0.8245221972465515,0.8295633792877197,1262.201171875,0.0011527113383635,0.5682190656661987,0.8202769557634989,0.8337066173553467,843.2483520507812,0.0017050274182111,0.7250125408172607,False,False,False,False,True,23,22,0.005148729163665174,0.004969659567738565,1.2759384269638265,1.4968320647236657,0.0005523160798476001,True,True,False,False,True,0.0005588216306957908,0.0057208511733695885,0.016260775817189033,0.021242825208887105,0.01094581845753538,FAIL-TRADEOFF,high
r6_s143000_l4,6,143000,4,0.75,1.9717504978179927,1.937442382176717,0.09375,1.5,0.7885248494544921,0.7758182537804108,1.0513664659393227,1.0344243383738811,0.2869594655650229,1.980503797531128,1.9332587718963623,982.7684326171876,0.0021160999312996,0.7885224223136902,1.955643892288208,1.946751356124878,1582.3787841796875,0.0018142583236719,0.7758181889851888,False,False,False,False,True,23,22,0.012552313847572511,0.006930820510829591,1.0163752713056429,1.610123739898412,0.00030184160762770007,True,True,True,False,True,0.0044295297676627595,0.008202229890652463,0.0021616816917388697,0.004793268512584001,0.004896677465659523,FAIL-TRADEOFF,high
r6_s143000_l5,6,143000,5,0.416817701285,0.701086355580224,0.7230224344465467,0.052102212660625,0.83363540257,0.4305830554438436,0.4259448204517048,1.0330248790212284,1.0218971486541166,0.2714216070000494,0.7027781009674072,0.6820790767669678,856.9502563476562,0.0019509210251271,0.4305823743343353,0.7015224099159241,0.7293876806894941,1100.11376953125,0.0015163455779353,0.4259448448816935,False,False,False,False,True,26,22,0.0017867532436691416,0.06486071149132278,1.0108876290166606,1.2837545252859395,0.00043457544719180006,True,True,True,False,True,0.002410127556400894,0.0006217761652076282,0.05829465187999266,0.008765137241599847,0.017522923210800255,PASS-B,mid
r6_s143000_l8,6,143000,8,0.38447851062,0.4219082163439856,0.4686655733320448,0.0480598138275,0.76895702124,0.5678079170354934,0.4036809383429257,1.4768261459394991,1.0499440858006872,0.5515245041032742,0.4659536778926849,0.4693119525909424,1329.1905517578125,0.0013256348902359,0.567807137966156,0.4660465220610301,0.4683774312337236,931.3611043294272,0.0013506128452718,0.4036808510621388,False,False,False,False,True,21,26,0.0001992165244246781,0.0019912583774172815,1.4065743680230862,1.4271484449791565,2.49779550359e-05,True,True,False,False,True,0.0992984319560584,0.09949766832673083,0.0013782406152652988,0.0006150029529043411,0.05019733596273972,FAIL-TRADEOFF,mid
r6_s143000_l9,6,143000,9,0.437510816892,0.420853704214096,0.4493070708380806,0.0546888521115,0.875021633784,0.6128979210440708,0.4363278121811239,1.4008748981293535,0.99729605608547,0.3451096958910711,0.4159986972808838,0.4516503810882568,966.182373046875,0.0016275537200272,0.6128973960876465,0.4340518017609914,0.4387923081715899,1026.1219889322915,0.0011505630100145,0.4363275170326233,False,False,False,False,True,22,25,0.0415920505498753,0.02846908461736539,1.4046728023376458,1.062037579609733,0.00047699071001270016,True,True,False,True,True,0.011603148643144516,0.0308786085108247,0.005201833958191516,0.023680354394051865,0.01784098637655315,FAIL-TRADEOFF,mid
r8_s14000_l1,8,14000,1,0.519550141886,0.4072243273258209,0.3917307323879663,0.06494376773575,1.039100283772,0.4816175587453775,0.5338096886448497,0.9269895625416928,1.0274459491187635,0.3840486128651418,0.4052281975746155,0.4407563209533691,220.3978271484375,0.003251236397773,0.4816168546676636,0.4042269190152486,0.4564784367879229,215.42404174804688,0.0031549010115365,0.5338092843691508,False,False,False,False,True,24,30,0.0024709005083056023,0.034442187335692695,1.108369192638397,1.0230883487285407,9.633538623650016e-05,True,True,True,True,True,0.004913847164119712,0.007387805384993737,0.11791746594467713,0.1529667663793124,0.07079647121827574,PASS-A,low
r8_s14000_l2,8,14000,2,0.571806043153,0.5077182418770261,0.5116835700141059,0.071475755394125,1.143612086306,0.4344052359387871,0.5843269650812435,0.7597073188373981,1.0218971486541166,0.3593524046887281,0.5071812868118286,0.5242714881896973,233.0703125,0.0036145988851785,0.4344058632850647,0.4907364944616953,0.5490132967631025,233.00079345703125,0.0031963879397759,0.5843273003896078,False,False,False,False,True,26,30,0.032423894133606995,0.04506595508574951,1.3451183553796024,1.000298363975235,0.0004182109454026,True,True,False,True,True,0.0010581443780787998,0.03401933915579822,0.02430325071637485,0.07041625451974992,0.03244924719250045,PASS-B,mid
r8_s14000_l4,8,14000,4,0.725651411301,1.222296569082472,1.2176927460564504,0.090706426412625,1.451302822602,0.5780329252623136,0.7496159613707992,0.7965710756711335,1.0330248790212284,0.4398362385970271,1.205237627029419,1.325453281402588,300.08123779296875,0.003460600040853,0.5780327916145325,1.211601694424947,1.300717989603679,374.0216674804688,0.0030530153308063,0.7496160467465719,False,False,False,False,True,25,27,0.005252606879646707,0.01866176058105513,1.2968400021951778,1.2464013752786256,0.00040758471004670015,True,True,False,True,True,0.014054774506047446,0.008788324189518274,0.0847966236802297,0.06595853527414484,0.04339956441248506,PASS-B,high
r8_s14000_l6,8,14000,6,0.305544805642,0.186862803167767,0.2131069236331518,0.03819310070525,0.611089611284,0.251426018853405,0.304718629624168,0.8228777390769825,0.99729605608547,0.2416602976286753,0.1861705780029297,0.2199218273162841,149.18019104003906,0.0028360211290419,0.2514263093471527,0.1867985278367996,0.2129719257354736,172.5772705078125,0.0026261939201503,0.3047188520431518,False,False,False,False,True,23,20,0.0033616423059743155,0.031601690771764,1.2119608836249685,1.156837709515291,0.0002098272088916003,True,True,True,True,True,0.0037113352012858865,0.00034402988090064326,0.03147812418384638,0.0006336756794924378,0.009041791236381335,PASS-A,low
r8_s14000_l9,8,14000,9,0.357207586265,0.2055832776758406,0.1886838012271456,0.044650948283125,0.71441517253,0.3383784566891615,0.3630580446014296,0.9472879907934828,1.016378314910953,0.4525439805138312,0.2334269285202026,0.1882157325744629,185.20474243164065,0.0031839862931519,0.338378369808197,0.1906017661094665,0.1885464986165366,186.4736785888672,0.0024644214039047,0.3630579213301341,False,False,False,False,True,24,22,0.18346281931662262,0.0017542942695871716,1.0729347787089738,1.006851531664719,0.0007195648892472,False,True,True,True,True,0.1270178921649962,0.07566493878278625,0.0024837860031043284,0.0007279511573120397,0.0514736420270497,FAIL-TRADEOFF,low
r8_s72000_l1,8,72000,1,0.634845079338,0.741052296426561,0.7441590627034506,0.07935563491725,1.269690158676,0.5153752747727511,0.6558107612803596,0.8118126635086643,1.0330248790212284,0.2835717064643751,0.7396333813667297,0.7450840473175049,390.1765747070313,0.002377480501309,0.515373706817627,0.7502572139104208,0.7186858654022217,441.3831075032552,0.0022261658062537,0.6558106938997904,False,False,False,False,True,20,24,0.014160253772594182,0.03542980420842921,1.2724954440323957,1.1312393826684053,0.00015131469505529982,True,True,False,True,True,0.001916565433763841,0.012344901336166392,0.001242221269014579,0.034830448553146195,0.012583534148022752,PASS-B,high
r8_s72000_l2,8,72000,2,0.625388202502,0.6622003846698337,0.6189210679796009,0.07817352531275,1.250776405004,0.4731862834980086,0.6356310074241726,0.7566280937263049,1.0163783149109529,0.3224758518840336,0.6378909349441528,0.6186783313751221,409.3652038574219,0.0023507764562964,0.4731866717338562,0.6251828670501709,0.6245849132537842,377.66257731119794,0.002239441499114,0.6356311837832133,False,False,False,False,True,24,25,0.01992200734925716,0.009456811641337421,1.3432990017529078,1.083944315510246,0.0001113349571824,True,True,False,True,True,0.0374008856416798,0.05752401178837195,0.00039227007983029527,0.009109541131063027,0.02610667716023627,PASS-B,mid
r8_s72000_l4,8,72000,4,0.64219929309,1.43933990266588,1.4285152753194172,0.08027491163625,1.28439858618,0.6779345872970167,0.6562616264763604,1.0556451783605572,1.0218971486541168,0.0475890614064101,1.4468907117843628,1.4303042888641355,557.3452758789062,0.0023222267627716,0.6779341101646423,1.440577745437622,1.437443494796753,549.6150919596354,0.0026091071777045,0.6562612454096476,False,False,False,False,True,21,20,0.004363125905311344,0.004966599353964071,1.0330247518142461,1.0140647228075728,0.0002868804149328999,True,True,True,True,True,0.005232309786511102,0.0008596376696988086,0.0012515751610656576,0.006230549059540672,0.00339351791920406,PASS-A,high
r8_s72000_l5,8,72000,5,0.300293254974,0.297220915555954,0.319316969977485,0.03753665687175,0.600586509948,0.3364598996668335,0.3230686632905524,1.1204377524096067,1.0758438890627908,0.3404324657678773,0.3470140099525451,0.3186705112457275,253.49444580078125,0.0027593979611992,0.3364602327346802,0.3156407872835795,0.3197614351908369,254.31701151529947,0.00238122480611,0.323068489631017,False,False,False,False,True,25,25,0.09040909522141753,0.0034116807877670632,1.0414517154517815,1.0032449062618305,0.00037817315508920004,True,True,True,True,True,0.15488946791096053,0.060129132171119364,0.0020265568589681697,0.001390956982488044,0.054609028480884024,PASS-A,low
r8_s72000_l7,8,72000,7,0.358167275628,0.3421697583463457,0.3360793325636123,0.0447709094535,0.716334551256,0.2931361775235929,0.3640334520590335,0.8184337248834822,1.016378314910953,0.4328398841842638,0.322832852602005,0.3580348491668701,247.9840087890625,0.0026673227548599,0.2931339740753174,0.332405149936676,0.3361586729685468,290.6738586425781,0.0022268996884425,0.3640336195627848,False,False,False,False,True,19,21,0.028797078915578072,0.06110068963741417,1.2418677183730629,1.1721475915401782,0.0004404230664173999,True,True,True,True,True,0.05817227826863103,0.028952427293569998,0.06328308479043512,0.00023604855616601733,0.037660959727200544,PASS-A,low
r8_s72000_l9,8,72000,9,0.35661446562,0.3047810594240824,0.299455377790663,0.0445768082025,0.71322893124,0.3470882978572905,0.3614751510813306,0.9732872087896168,1.0136300849514897,0.2338102047798315,0.3028698265552521,0.3002994060516357,215.18157958984372,0.0022031762637197,0.3470905423164367,0.3047577142715454,0.2942097187042236,295.3660176595052,0.0018863272853195,0.3614752391974131,False,False,False,False,True,23,21,0.006194716746730776,0.020278719253826974,1.0414436440270984,1.372636162549323,0.00031684897840020005,True,True,True,False,True,0.006290583015491758,7.659940123863303e-05,0.002814579694570408,0.017672575476268364,0.006713584396892291,FAIL-TRADEOFF,low
r8_s143000_l1,8,143000,1,0.62324227185,0.6980229881074694,0.6730988290574818,0.07790528398125,1.2464845437,0.5184367857732372,0.6455703585210858,0.8318382901633682,1.0358256936019572,0.317321686616322,0.6813793182373047,0.6919848918914795,638.3553466796875,0.0019421738106757,0.5184353590011597,0.6881194710731506,0.6743150552113848,783.0807088216146,0.0015657087011883,0.6455702582995096,False,False,False,False,True,22,21,0.00979503286738043,0.02553500356314971,1.2452280638092441,1.2267159864716335,0.0003764651094873999,True,True,True,True,True,0.024132883572967237,0.014289563797855256,0.02767195546380134,0.0018052752734867086,0.01697491952702764,PASS-A,mid
r8_s143000_l2,8,143000,2,0.688243954328,0.7849934034877353,0.7439439031812881,0.086030494291,1.376487908656,0.5249918519919526,0.7071334628797831,0.7627990753722691,1.0274459491187635,0.3228034425919422,0.77280592918396,0.7606275081634521,847.9837036132812,0.0016031237319111,0.5249909162521362,0.7732944488525391,0.7589930693308515,697.4699503580729,0.0017095373477786,0.7071337103843689,False,False,False,False,True,26,19,0.000631738232834849,0.0021488032118993374,1.3469446584565445,1.2157996243106046,0.00010641361586750009,True,True,False,True,True,0.01564735933839538,0.015015421474882482,0.02217812819909436,0.02002701299697145,0.018216980502335917,PASS-B,high
r8_s143000_l4,8,143000,4,0.649003653765,1.8047940333684285,1.764314068688287,0.081125456720625,1.29800730753,0.7759905591105553,0.6632149832485571,1.195664392039827,1.0218971486541166,0.3740100393948261,1.7436559200286863,1.7609784603118896,776.1890258789062,0.0023495170753449,0.7759896516799927,1.7189350128173828,1.767990032831828,1129.919189453125,0.0018881686264649,0.6632148822148641,False,False,False,False,True,20,20,0.01417762927154618,0.003965843918649167,1.1700425796965492,1.4557268291363397,0.0004613484488800001,True,True,True,False,True,0.03446246387644557,0.048741555876178747,0.0018923872809956672,0.0020813414501749806,0.02179443712094874,FAIL-TRADEOFF,high
r8_s143000_l5,8,143000,5,0.322765732516,0.4476235144668155,0.4831451045142279,0.0403457165645,0.645531465032,0.3558113220142357,0.3567760243741925,1.1023825833078411,1.1053714457017414,0.4278637425241747,0.5137118697166443,0.4822313785552978,739.780517578125,0.002165124984458,0.3558091223239898,0.4746496081352234,0.483508825302124,554.2874755859375,0.0018728987003366,0.35677570104599,False,False,False,False,True,23,26,0.07603924278208142,0.0026420339815472972,1.0027165653193044,1.3346513319574873,0.00029222628412140005,True,True,True,False,True,0.13771003391351958,0.058624355127789386,0.001892994593944816,0.0007525357190244127,0.04974497983856955,PASS-B,mid
r8_s143000_l6,8,143000,6,0.326237921249,0.4478689365916782,0.4873672591315377,0.040779740156125,0.652475842498,0.3557649758106738,0.3354187993128001,1.0905077326652577,1.0281416643063788,0.4300594856715298,0.4790008962154388,0.4278504848480224,550.409912109375,0.0022026994265615,0.3557673096656799,0.4793640375137329,0.452965497970581,547.0491841634115,0.0019744857369611,0.3354188203811645,False,False,False,False,True,23,30,0.0007575480634250115,0.05544575301006646,1.060665913920188,1.0061433743861679,0.0002282136896003999,True,True,True,True,True,0.06720183106009789,0.06795966620805326,0.1302441643165234,0.0732020052374814,0.08465191670553897,PASS-A,mid
r8_s143000_l7,8,143000,7,0.353508845605,0.457618130577935,0.4715980688730878,0.044188605700625,0.70701769121,0.2924740883081191,0.3612496813477578,0.8273458838280973,1.0218971486541166,0.2893592627111538,0.4581097960472107,0.5026071071624756,561.9954833984375,0.0022929997649043,0.2924731969833374,0.4580096403757731,0.4605637391408281,567.6099650065104,0.0019073825484762,0.3612496852874756,False,False,False,False,True,24,19,0.00021862809374916052,0.08365056407381107,1.2351548415830438,1.0099902610855902,0.00038561721642810004,True,True,True,True,True,0.001073824445504521,0.0008551724491497486,0.06368169198828895,0.023675814796050368,0.022321625919748397,PASS-A,mid
r8_s143000_l9,8,143000,9,0.42124957938,0.4151734941535526,0.4186571968926325,0.0526561974225,0.84249915876,0.5552404776226877,0.4144614000515217,1.3180796012660645,0.983885611616588,0.2472200067940728,0.4142576158046722,0.4103643894195556,587.23291015625,0.0017936831573024,0.5552416443824768,0.4149680137634277,0.4088402589162188,645.0851847330729,0.0013626707562555,0.4144614140192668,False,False,False,False,True,23,20,0.0017119342580473912,0.0037140905561826457,1.339670294027241,1.09851674450846,0.00043101240104690005,True,True,False,True,True,0.0022084503706982063,0.0004950490786492354,0.020006919545596136,0.023727924461790707,0.01160958586418357,PASS-B,low
r8_s143000_l10,8,143000,10,0.674721768113,0.9103376732932196,0.9312289555867512,0.084340221014125,1.349443536226,0.6656489168287572,0.6513854331675608,0.9865531961276172,0.9654133954938136,0.2513147291941565,0.91200852394104,0.9328062534332277,1049.2813720703125,0.0009422703878954,0.6656465530395508,0.9066416025161744,0.9349644184112548,1628.7605794270833,0.000778620946221,0.6513853073120117,False,False,False,False,True,20,20,0.00588472726293573,0.002308285679677949,1.021893717232228,1.5522629323090082,0.00016364944167439994,True,True,True,False,True,0.0018337362226286391,0.004068374278412234,0.0016923481008276815,0.00400330197866153,0.002899440145132521,FAIL-TRADEOFF,high
